<?xml version = '1.0' encoding = 'UTF-8'?>
<DomainFile class="oracle.dbtools.crest.model.design.DomainFileWrapper" fileName="centro_medico_san_rafael_Domains">
<domains>
<Domain class="oracle.dbtools.crest.model.design.Domain" name="VARCHAR_0_0_400" id="07A607D7-479B-887D-C5F8-826CF91AF953">
<createdBy>benjaminclaros</createdBy>
<createdTime>2025-09-14 03:49:24 UTC</createdTime>
<ownerDesignName>Exp_5</ownerDesignName>
<avTSortOrder>0</avTSortOrder>
<dataTypePrecision>0</dataTypePrecision>
<dataTypeScale>0</dataTypeScale>
<dataTypeSize>400</dataTypeSize>
<fileName>centro_medico_san_rafael_Domains</fileName>
<logicalDatatype>LOGDT024</logicalDatatype>
</Domain>
<Domain class="oracle.dbtools.crest.model.design.Domain" name="Date_0_0_0" id="0A7AEDBD-EC1A-E151-9D0C-98400E174F6D">
<createdBy>benjaminclaros</createdBy>
<createdTime>2025-09-14 03:49:24 UTC</createdTime>
<ownerDesignName>Exp_5</ownerDesignName>
<avTSortOrder>0</avTSortOrder>
<fileName>centro_medico_san_rafael_Domains</fileName>
<logicalDatatype>LOGDT007</logicalDatatype>
</Domain>
<Domain class="oracle.dbtools.crest.model.design.Domain" name="VARCHAR_0_0_1000" id="161C0C82-6125-C386-3429-A342C19B9ABC">
<createdBy>benjaminclaros</createdBy>
<createdTime>2025-09-14 03:49:24 UTC</createdTime>
<ownerDesignName>Exp_5</ownerDesignName>
<avTSortOrder>0</avTSortOrder>
<dataTypePrecision>0</dataTypePrecision>
<dataTypeScale>0</dataTypeScale>
<dataTypeSize>1000</dataTypeSize>
<fileName>centro_medico_san_rafael_Domains</fileName>
<logicalDatatype>LOGDT024</logicalDatatype>
</Domain>
<Domain class="oracle.dbtools.crest.model.design.Domain" name="VARCHAR_0_0_12" id="1A8067E3-33B1-CA3B-B268-0886BA9AE55B">
<createdBy>benjaminclaros</createdBy>
<createdTime>2025-09-14 03:49:24 UTC</createdTime>
<ownerDesignName>Exp_5</ownerDesignName>
<avTSortOrder>0</avTSortOrder>
<dataTypePrecision>0</dataTypePrecision>
<dataTypeScale>0</dataTypeScale>
<dataTypeSize>12</dataTypeSize>
<fileName>centro_medico_san_rafael_Domains</fileName>
<logicalDatatype>LOGDT024</logicalDatatype>
</Domain>
<Domain class="oracle.dbtools.crest.model.design.Domain" name="NUMERIC_12_2_0" id="32026BBB-1E54-9900-11E0-0A1C21B5F09F">
<createdBy>benjaminclaros</createdBy>
<createdTime>2025-09-14 03:49:24 UTC</createdTime>
<ownerDesignName>Exp_5</ownerDesignName>
<avTSortOrder>0</avTSortOrder>
<dataTypePrecision>12</dataTypePrecision>
<dataTypeScale>2</dataTypeScale>
<dataTypeSize>0</dataTypeSize>
<fileName>centro_medico_san_rafael_Domains</fileName>
<logicalDatatype>LOGDT019</logicalDatatype>
</Domain>
<Domain class="oracle.dbtools.crest.model.design.Domain" name="CHAR_0_0_1" id="3BDB1338-E7B2-52ED-BCA4-C83E48F2B2DC">
<createdBy>benjaminclaros</createdBy>
<createdTime>2025-09-14 03:49:24 UTC</createdTime>
<ownerDesignName>Exp_5</ownerDesignName>
<avTSortOrder>0</avTSortOrder>
<dataTypePrecision>0</dataTypePrecision>
<dataTypeScale>0</dataTypeScale>
<dataTypeSize>1</dataTypeSize>
<fileName>centro_medico_san_rafael_Domains</fileName>
<logicalDatatype>LOGDT025</logicalDatatype>
</Domain>
<Domain class="oracle.dbtools.crest.model.design.Domain" name="VARCHAR_0_0_10" id="40FF2413-FD81-22D3-1DEB-705E0C3D8B67">
<createdBy>benjaminclaros</createdBy>
<createdTime>2025-09-14 03:49:24 UTC</createdTime>
<ownerDesignName>Exp_5</ownerDesignName>
<avTSortOrder>0</avTSortOrder>
<dataTypePrecision>0</dataTypePrecision>
<dataTypeScale>0</dataTypeScale>
<dataTypeSize>10</dataTypeSize>
<fileName>centro_medico_san_rafael_Domains</fileName>
<logicalDatatype>LOGDT024</logicalDatatype>
</Domain>
<Domain class="oracle.dbtools.crest.model.design.Domain" name="CLOB_0_0_0" id="417E5C7A-9B5B-88E3-BBDA-8B2CAA610B4F">
<createdBy>benjaminclaros</createdBy>
<createdTime>2025-09-14 03:49:24 UTC</createdTime>
<ownerDesignName>Exp_5</ownerDesignName>
<avTSortOrder>0</avTSortOrder>
<fileName>centro_medico_san_rafael_Domains</fileName>
<logicalDatatype>LOGDT028</logicalDatatype>
</Domain>
<Domain class="oracle.dbtools.crest.model.design.Domain" name="VARCHAR_0_0_500" id="4EA1225A-E72C-D444-FB88-196474409047">
<createdBy>benjaminclaros</createdBy>
<createdTime>2025-09-14 03:49:24 UTC</createdTime>
<ownerDesignName>Exp_5</ownerDesignName>
<avTSortOrder>0</avTSortOrder>
<dataTypePrecision>0</dataTypePrecision>
<dataTypeScale>0</dataTypeScale>
<dataTypeSize>500</dataTypeSize>
<fileName>centro_medico_san_rafael_Domains</fileName>
<logicalDatatype>LOGDT024</logicalDatatype>
</Domain>
<Domain class="oracle.dbtools.crest.model.design.Domain" name="Timestamp_6_0_0" id="54505ED8-7997-3B6D-24BB-E3C8C2A2D817">
<createdBy>benjaminclaros</createdBy>
<createdTime>2025-09-14 03:49:24 UTC</createdTime>
<ownerDesignName>Exp_5</ownerDesignName>
<avTSortOrder>0</avTSortOrder>
<dataTypePrecision>6</dataTypePrecision>
<fileName>centro_medico_san_rafael_Domains</fileName>
<logicalDatatype>LOGDT015</logicalDatatype>
</Domain>
<Domain class="oracle.dbtools.crest.model.design.Domain" name="VARCHAR_0_0_15" id="9EDD48DA-9CDD-E4FF-C2AB-23E16735493A">
<createdBy>benjaminclaros</createdBy>
<createdTime>2025-09-14 03:49:24 UTC</createdTime>
<ownerDesignName>Exp_5</ownerDesignName>
<avTSortOrder>0</avTSortOrder>
<dataTypePrecision>0</dataTypePrecision>
<dataTypeScale>0</dataTypeScale>
<dataTypeSize>15</dataTypeSize>
<fileName>centro_medico_san_rafael_Domains</fileName>
<logicalDatatype>LOGDT024</logicalDatatype>
</Domain>
<Domain class="oracle.dbtools.crest.model.design.Domain" name="VARCHAR_0_0_300" id="A896BB89-2306-4469-2E8E-6D46D86F7D4C">
<createdBy>benjaminclaros</createdBy>
<createdTime>2025-09-14 03:49:24 UTC</createdTime>
<ownerDesignName>Exp_5</ownerDesignName>
<avTSortOrder>0</avTSortOrder>
<dataTypePrecision>0</dataTypePrecision>
<dataTypeScale>0</dataTypeScale>
<dataTypeSize>300</dataTypeSize>
<fileName>centro_medico_san_rafael_Domains</fileName>
<logicalDatatype>LOGDT024</logicalDatatype>
</Domain>
<Domain class="oracle.dbtools.crest.model.design.Domain" name="VARCHAR_0_0_100" id="C027769F-495D-C83C-17BF-19BAAE2C279E">
<createdBy>benjaminclaros</createdBy>
<createdTime>2025-09-14 03:49:24 UTC</createdTime>
<ownerDesignName>Exp_5</ownerDesignName>
<avTSortOrder>0</avTSortOrder>
<dataTypePrecision>0</dataTypePrecision>
<dataTypeScale>0</dataTypeScale>
<dataTypeSize>100</dataTypeSize>
<fileName>centro_medico_san_rafael_Domains</fileName>
<logicalDatatype>LOGDT024</logicalDatatype>
</Domain>
<Domain class="oracle.dbtools.crest.model.design.Domain" name="VARCHAR_0_0_50" id="CBD65C54-FA60-A7F0-0C6B-F5AE9AD6DB49">
<createdBy>benjaminclaros</createdBy>
<createdTime>2025-09-14 03:49:24 UTC</createdTime>
<ownerDesignName>Exp_5</ownerDesignName>
<avTSortOrder>0</avTSortOrder>
<dataTypePrecision>0</dataTypePrecision>
<dataTypeScale>0</dataTypeScale>
<dataTypeSize>50</dataTypeSize>
<fileName>centro_medico_san_rafael_Domains</fileName>
<logicalDatatype>LOGDT024</logicalDatatype>
</Domain>
<Domain class="oracle.dbtools.crest.model.design.Domain" name="VARCHAR_0_0_200" id="CCB0DAB4-883A-1B66-004E-54F6BE39DD8F">
<createdBy>benjaminclaros</createdBy>
<createdTime>2025-09-14 03:49:24 UTC</createdTime>
<ownerDesignName>Exp_5</ownerDesignName>
<avTSortOrder>0</avTSortOrder>
<dataTypePrecision>0</dataTypePrecision>
<dataTypeScale>0</dataTypeScale>
<dataTypeSize>200</dataTypeSize>
<fileName>centro_medico_san_rafael_Domains</fileName>
<logicalDatatype>LOGDT024</logicalDatatype>
</Domain>
<Domain class="oracle.dbtools.crest.model.design.Domain" name="NUMERIC_0_0_0" id="CEA19EF1-31B9-4BCB-9A1B-7C888A12506B">
<createdBy>benjaminclaros</createdBy>
<createdTime>2025-09-14 03:49:24 UTC</createdTime>
<ownerDesignName>Exp_5</ownerDesignName>
<avTSortOrder>0</avTSortOrder>
<fileName>centro_medico_san_rafael_Domains</fileName>
<logicalDatatype>LOGDT019</logicalDatatype>
</Domain>
<Domain class="oracle.dbtools.crest.model.design.Domain" name="VARCHAR_0_0_30" id="DA9F5D64-2F24-FCBB-119D-2D34A8BFBEFC">
<createdBy>benjaminclaros</createdBy>
<createdTime>2025-09-14 03:49:24 UTC</createdTime>
<ownerDesignName>Exp_5</ownerDesignName>
<avTSortOrder>0</avTSortOrder>
<dataTypePrecision>0</dataTypePrecision>
<dataTypeScale>0</dataTypeScale>
<dataTypeSize>30</dataTypeSize>
<fileName>centro_medico_san_rafael_Domains</fileName>
<logicalDatatype>LOGDT024</logicalDatatype>
</Domain>
<Domain class="oracle.dbtools.crest.model.design.Domain" name="VARCHAR_0_0_20" id="F5F57D4A-5F9F-2730-07C9-440E60C4B429">
<createdBy>benjaminclaros</createdBy>
<createdTime>2025-09-14 03:49:24 UTC</createdTime>
<ownerDesignName>Exp_5</ownerDesignName>
<avTSortOrder>0</avTSortOrder>
<dataTypePrecision>0</dataTypePrecision>
<dataTypeScale>0</dataTypeScale>
<dataTypeSize>20</dataTypeSize>
<fileName>centro_medico_san_rafael_Domains</fileName>
<logicalDatatype>LOGDT024</logicalDatatype>
</Domain>
</domains>
</DomainFile>