<?xml version = '1.0' encoding = 'UTF-8'?>
<Entity class="oracle.dbtools.crest.model.design.logical.Entity" directorySegmentName="seg_0" id="C204D94B-A1EB-66FC-ACD0-7A21392223B1" name="ATENCION">
<createdBy>benjaminclaros</createdBy>
<createdTime>2025-09-14 03:51:23 UTC</createdTime>
<commentInRDBMS><![CDATA[Ficha clínica: vincula paciente, médico, unidad y monto. Auditoría incluida.]]></commentInRDBMS>
<generatorID>3D0A74CB-1CC3-4C08-D85F-ED0BB3AC3E97</generatorID>
<ownerDesignName>Exp_5</ownerDesignName>
<engineerTo>
<item key="072AFDF8-1655-9ED8-9354-6D05F61BD54A" value="true"/>
</engineerTo>
<adequatelyNormalized>NO</adequatelyNormalized>
<expectedVolumes>0</expectedVolumes>
<fwdEngineeringStrategyName>Single Table</fwdEngineeringStrategyName>
<growthPercent>0</growthPercent>
<growthType>Year</growthType>
<maxVolumes>9999999</maxVolumes>
<minVolumes>0</minVolumes>
<normalForm>Third</normalForm>
<attributes itemClass="oracle.dbtools.crest.model.design.logical.Attribute">
<Attribute name="id atencion" id="8E700014-5ECE-3565-6B24-3AD3E47A84F0">
<createdBy>benjaminclaros</createdBy>
<createdTime>2025-09-14 03:51:23 UTC</createdTime>
<generatorID>3A26E66C-0FBC-646E-14CF-928709D521A0</generatorID>
<ownerDesignName>Exp_5</ownerDesignName>
<engineerTo>
<item key="072AFDF8-1655-9ED8-9354-6D05F61BD54A" value="true"/>
</engineerTo>
<use>0</use>
<logicalDatatype>LOGDT019</logicalDatatype>
<domain>CEA19EF1-31B9-4BCB-9A1B-7C888A12506B</domain>
<ownDataTypeParameters>,,</ownDataTypeParameters>
</Attribute>
<Attribute name="fecha hora" id="0E983B79-0EDE-8F13-6121-91C743ED2E8B">
<createdBy>benjaminclaros</createdBy>
<createdTime>2025-09-14 03:51:23 UTC</createdTime>
<generatorID>0EB8736E-2213-B6B1-2BF8-F11572EF1C77</generatorID>
<ownerDesignName>Exp_5</ownerDesignName>
<engineerTo>
<item key="072AFDF8-1655-9ED8-9354-6D05F61BD54A" value="true"/>
</engineerTo>
<use>0</use>
<logicalDatatype>LOGDT015</logicalDatatype>
<domain>54505ED8-7997-3B6D-24BB-E3C8C2A2D817</domain>
<ownDataTypeParameters>,,</ownDataTypeParameters>
</Attribute>
<Attribute name="tipo atencion" id="C2B3F5F6-5E76-14F9-4F79-E7E35D3E2337">
<createdBy>benjaminclaros</createdBy>
<createdTime>2025-09-14 03:51:23 UTC</createdTime>
<generatorID>2431964D-4F28-374E-840D-2419F48DE2A1</generatorID>
<ownerDesignName>Exp_5</ownerDesignName>
<engineerTo>
<item key="072AFDF8-1655-9ED8-9354-6D05F61BD54A" value="true"/>
</engineerTo>
<use>0</use>
<logicalDatatype>LOGDT024</logicalDatatype>
<domain>F5F57D4A-5F9F-2730-07C9-440E60C4B429</domain>
<ownDataTypeParameters>,,</ownDataTypeParameters>
</Attribute>
<Attribute name="rut paciente" id="C71446AD-0D2B-E95B-F4CA-AE493D0067F0">
<createdBy>benjaminclaros</createdBy>
<createdTime>2025-09-14 03:51:23 UTC</createdTime>
<generatorID>78023185-A4B5-378A-C349-7859D11A7DB8</generatorID>
<ownerDesignName>Exp_5</ownerDesignName>
<engineerTo>
<item key="072AFDF8-1655-9ED8-9354-6D05F61BD54A" value="true"/>
</engineerTo>
<referedAttribute>D3AA97F5-88A2-C550-B901-7F52ADEE100C</referedAttribute>
<use>0</use>
<logicalDatatype>LOGDT024</logicalDatatype>
<domain>9EDD48DA-9CDD-E4FF-C2AB-23E16735493A</domain>
<ownDataTypeParameters>,,</ownDataTypeParameters>
</Attribute>
<Attribute name="rut medico" id="466E2DBF-CBE3-4708-B078-60BFA14FCC2E">
<createdBy>benjaminclaros</createdBy>
<createdTime>2025-09-14 03:51:23 UTC</createdTime>
<generatorID>838A4BF7-FFEE-90BF-04C6-34BAF299DCC1</generatorID>
<ownerDesignName>Exp_5</ownerDesignName>
<engineerTo>
<item key="072AFDF8-1655-9ED8-9354-6D05F61BD54A" value="true"/>
</engineerTo>
<referedAttribute>97C452A6-F954-75E0-76C7-A55C6D28DD03</referedAttribute>
<use>0</use>
<logicalDatatype>LOGDT024</logicalDatatype>
<domain>9EDD48DA-9CDD-E4FF-C2AB-23E16735493A</domain>
<ownDataTypeParameters>,,</ownDataTypeParameters>
</Attribute>
<Attribute name="cod unidad" id="38A4417F-A1FE-3A03-F66C-0F06069EA5AA">
<createdBy>benjaminclaros</createdBy>
<createdTime>2025-09-14 03:51:23 UTC</createdTime>
<generatorID>E310316A-0B0A-C718-D02E-A59418038E26</generatorID>
<ownerDesignName>Exp_5</ownerDesignName>
<engineerTo>
<item key="072AFDF8-1655-9ED8-9354-6D05F61BD54A" value="true"/>
</engineerTo>
<referedAttribute>B1F9AF42-2B77-06D7-8E6A-A876702E2248</referedAttribute>
<use>0</use>
<logicalDatatype>LOGDT024</logicalDatatype>
<domain>40FF2413-FD81-22D3-1DEB-705E0C3D8B67</domain>
<ownDataTypeParameters>,,</ownDataTypeParameters>
</Attribute>
<Attribute name="diagnostico" id="899A39F9-82C8-C887-5A0F-3D45CEDE187C">
<createdBy>benjaminclaros</createdBy>
<createdTime>2025-09-14 03:51:23 UTC</createdTime>
<generatorID>F0BBAC35-AE9C-3695-DA30-5ED791B049BB</generatorID>
<ownerDesignName>Exp_5</ownerDesignName>
<engineerTo>
<item key="072AFDF8-1655-9ED8-9354-6D05F61BD54A" value="true"/>
</engineerTo>
<nullsAllowed>true</nullsAllowed>
<use>0</use>
<logicalDatatype>LOGDT028</logicalDatatype>
<domain>417E5C7A-9B5B-88E3-BBDA-8B2CAA610B4F</domain>
<ownDataTypeParameters>,,</ownDataTypeParameters>
</Attribute>
<Attribute name="monto pagado" id="FEE7069E-5379-EB59-03D1-8B636325703C">
<createdBy>benjaminclaros</createdBy>
<createdTime>2025-09-14 03:51:23 UTC</createdTime>
<generatorID>5C263FF4-2B73-FA2A-1A94-D3961DF4DA60</generatorID>
<ownerDesignName>Exp_5</ownerDesignName>
<engineerTo>
<item key="072AFDF8-1655-9ED8-9354-6D05F61BD54A" value="true"/>
</engineerTo>
<nullsAllowed>true</nullsAllowed>
<use>0</use>
<logicalDatatype>LOGDT019</logicalDatatype>
<domain>32026BBB-1E54-9900-11E0-0A1C21B5F09F</domain>
<ownDataTypeParameters>,,</ownDataTypeParameters>
</Attribute>
<Attribute name="modalidad" id="874465C1-5768-21E4-D7A7-5B098854BEF0">
<createdBy>benjaminclaros</createdBy>
<createdTime>2025-09-14 03:51:23 UTC</createdTime>
<generatorID>FEE355AE-8C52-8211-9DD4-45333AEF538A</generatorID>
<ownerDesignName>Exp_5</ownerDesignName>
<engineerTo>
<item key="072AFDF8-1655-9ED8-9354-6D05F61BD54A" value="true"/>
</engineerTo>
<use>0</use>
<logicalDatatype>LOGDT024</logicalDatatype>
<domain>1A8067E3-33B1-CA3B-B268-0886BA9AE55B</domain>
<ownDataTypeParameters>,,</ownDataTypeParameters>
</Attribute>
<Attribute name="created by" id="60B7EF42-0BD7-A81C-CC72-5DE975208F57">
<createdBy>benjaminclaros</createdBy>
<createdTime>2025-09-14 03:51:23 UTC</createdTime>
<generatorID>6C36EC33-24D1-522B-A559-4C6101D4B57C</generatorID>
<ownerDesignName>Exp_5</ownerDesignName>
<engineerTo>
<item key="072AFDF8-1655-9ED8-9354-6D05F61BD54A" value="true"/>
</engineerTo>
<nullsAllowed>true</nullsAllowed>
<use>0</use>
<logicalDatatype>LOGDT024</logicalDatatype>
<domain>C027769F-495D-C83C-17BF-19BAAE2C279E</domain>
<ownDataTypeParameters>,,</ownDataTypeParameters>
</Attribute>
<Attribute name="created at" id="E2F46B7D-3F6E-C6D5-38A1-12A5984E19E4">
<createdBy>benjaminclaros</createdBy>
<createdTime>2025-09-14 03:51:23 UTC</createdTime>
<generatorID>045F7071-7D6B-26AB-DE19-BE84CA795281</generatorID>
<ownerDesignName>Exp_5</ownerDesignName>
<engineerTo>
<item key="072AFDF8-1655-9ED8-9354-6D05F61BD54A" value="true"/>
</engineerTo>
<nullsAllowed>true</nullsAllowed>
<use>0</use>
<logicalDatatype>LOGDT015</logicalDatatype>
<domain>54505ED8-7997-3B6D-24BB-E3C8C2A2D817</domain>
<defaultValue>SYSTIMESTAMP</defaultValue>
<ownDataTypeParameters>,,</ownDataTypeParameters>
</Attribute>
<Attribute name="updated by" id="160472FB-0DCD-5C51-CBAF-419454F72266">
<createdBy>benjaminclaros</createdBy>
<createdTime>2025-09-14 03:51:23 UTC</createdTime>
<generatorID>AA1A39BE-230C-49E9-CC18-EC83F55EC456</generatorID>
<ownerDesignName>Exp_5</ownerDesignName>
<engineerTo>
<item key="072AFDF8-1655-9ED8-9354-6D05F61BD54A" value="true"/>
</engineerTo>
<nullsAllowed>true</nullsAllowed>
<use>0</use>
<logicalDatatype>LOGDT024</logicalDatatype>
<domain>C027769F-495D-C83C-17BF-19BAAE2C279E</domain>
<ownDataTypeParameters>,,</ownDataTypeParameters>
</Attribute>
<Attribute name="updated at" id="F36DBAD4-08B8-24D3-CAF2-56245241479B">
<createdBy>benjaminclaros</createdBy>
<createdTime>2025-09-14 03:51:23 UTC</createdTime>
<generatorID>4BC2823A-5099-E428-1889-585D437A0F02</generatorID>
<ownerDesignName>Exp_5</ownerDesignName>
<engineerTo>
<item key="072AFDF8-1655-9ED8-9354-6D05F61BD54A" value="true"/>
</engineerTo>
<nullsAllowed>true</nullsAllowed>
<use>0</use>
<logicalDatatype>LOGDT015</logicalDatatype>
<domain>54505ED8-7997-3B6D-24BB-E3C8C2A2D817</domain>
<ownDataTypeParameters>,,</ownDataTypeParameters>
</Attribute>
</attributes>
<identifiers itemClass="oracle.dbtools.crest.model.design.logical.CandidateKey">
<identifier id="A039E69D-1A29-A87F-828B-3C83DFB4EBFE" name="pk atencion">
<createdBy>benjaminclaros</createdBy>
<createdTime>2025-09-14 03:51:23 UTC</createdTime>
<generatorID>9C71C48E-F86E-3783-CD61-93ED9F62971A</generatorID>
<ownerDesignName>Exp_5</ownerDesignName>
<engineerTo>
<item key="072AFDF8-1655-9ED8-9354-6D05F61BD54A" value="true"/>
</engineerTo>
<pk>true</pk>
<usedAttributes>
<attributeRef>8E700014-5ECE-3565-6B24-3AD3E47A84F0</attributeRef>
</usedAttributes>
</identifier>
</identifiers>
</Entity>