<?xml version = '1.0' encoding = 'UTF-8'?>
<Entity class="oracle.dbtools.crest.model.design.logical.Entity" directorySegmentName="seg_0" id="FFC31B82-18F6-59C5-B635-A53388A78B1F" name="PAGO">
<createdBy>benjaminclaros</createdBy>
<createdTime>2025-09-14 03:51:23 UTC</createdTime>
<commentInRDBMS><![CDATA[Pago asociado obligatoriamente a una atención (1:1).]]></commentInRDBMS>
<generatorID>43459750-CA59-87E9-7DBA-5AB5CB04D3A1</generatorID>
<ownerDesignName>Exp_5</ownerDesignName>
<engineerTo>
<item key="072AFDF8-1655-9ED8-9354-6D05F61BD54A" value="true"/>
</engineerTo>
<adequatelyNormalized>NO</adequatelyNormalized>
<expectedVolumes>0</expectedVolumes>
<fwdEngineeringStrategyName>Single Table</fwdEngineeringStrategyName>
<growthPercent>0</growthPercent>
<growthType>Year</growthType>
<maxVolumes>9999999</maxVolumes>
<minVolumes>0</minVolumes>
<normalForm>Third</normalForm>
<attributes itemClass="oracle.dbtools.crest.model.design.logical.Attribute">
<Attribute name="id pago" id="296915EA-0754-A233-ECCB-424892FAC8FA">
<createdBy>benjaminclaros</createdBy>
<createdTime>2025-09-14 03:51:23 UTC</createdTime>
<generatorID>30D2E399-0642-9E14-348F-BDE47E067D28</generatorID>
<ownerDesignName>Exp_5</ownerDesignName>
<engineerTo>
<item key="072AFDF8-1655-9ED8-9354-6D05F61BD54A" value="true"/>
</engineerTo>
<use>0</use>
<logicalDatatype>LOGDT019</logicalDatatype>
<domain>CEA19EF1-31B9-4BCB-9A1B-7C888A12506B</domain>
<ownDataTypeParameters>,,</ownDataTypeParameters>
</Attribute>
<Attribute name="id atencion" id="2773AEE8-CB55-9ED8-C5A2-62C7DBE52F45">
<createdBy>benjaminclaros</createdBy>
<createdTime>2025-09-14 03:51:23 UTC</createdTime>
<generatorID>D10BAF82-DAB3-41FF-B75E-F5493D7C6334</generatorID>
<ownerDesignName>Exp_5</ownerDesignName>
<engineerTo>
<item key="072AFDF8-1655-9ED8-9354-6D05F61BD54A" value="true"/>
</engineerTo>
<referedAttribute>8E700014-5ECE-3565-6B24-3AD3E47A84F0</referedAttribute>
<use>0</use>
<logicalDatatype>LOGDT019</logicalDatatype>
<domain>CEA19EF1-31B9-4BCB-9A1B-7C888A12506B</domain>
<ownDataTypeParameters>,,</ownDataTypeParameters>
</Attribute>
<Attribute name="monto" id="DAB417DC-8A76-075B-7B8C-DA9A9E63E520">
<createdBy>benjaminclaros</createdBy>
<createdTime>2025-09-14 03:51:23 UTC</createdTime>
<generatorID>918D6045-E33E-6C64-4FB4-21BEAF76BD48</generatorID>
<ownerDesignName>Exp_5</ownerDesignName>
<engineerTo>
<item key="072AFDF8-1655-9ED8-9354-6D05F61BD54A" value="true"/>
</engineerTo>
<use>0</use>
<logicalDatatype>LOGDT019</logicalDatatype>
<domain>32026BBB-1E54-9900-11E0-0A1C21B5F09F</domain>
<ownDataTypeParameters>,,</ownDataTypeParameters>
</Attribute>
<Attribute name="tipo pago" id="FE91170A-7667-B1F2-C1A0-33503CEFB4D0">
<createdBy>benjaminclaros</createdBy>
<createdTime>2025-09-14 03:51:23 UTC</createdTime>
<generatorID>FD23ADFF-94D0-DCB1-9F85-F408DDE045B7</generatorID>
<ownerDesignName>Exp_5</ownerDesignName>
<engineerTo>
<item key="072AFDF8-1655-9ED8-9354-6D05F61BD54A" value="true"/>
</engineerTo>
<use>0</use>
<logicalDatatype>LOGDT024</logicalDatatype>
<domain>F5F57D4A-5F9F-2730-07C9-440E60C4B429</domain>
<ownDataTypeParameters>,,</ownDataTypeParameters>
</Attribute>
<Attribute name="fecha pago" id="C809D916-5EDE-7E3C-8C4F-3BFC72D0E8D5">
<createdBy>benjaminclaros</createdBy>
<createdTime>2025-09-14 03:51:23 UTC</createdTime>
<generatorID>82C875CB-C84F-D597-0E47-87022CCB9A69</generatorID>
<ownerDesignName>Exp_5</ownerDesignName>
<engineerTo>
<item key="072AFDF8-1655-9ED8-9354-6D05F61BD54A" value="true"/>
</engineerTo>
<use>0</use>
<logicalDatatype>LOGDT015</logicalDatatype>
<domain>54505ED8-7997-3B6D-24BB-E3C8C2A2D817</domain>
<defaultValue>SYSTIMESTAMP</defaultValue>
<ownDataTypeParameters>,,</ownDataTypeParameters>
</Attribute>
<Attribute name="referencia pago" id="D4D77CFC-93E9-E5B3-02B7-5F818B68173F">
<createdBy>benjaminclaros</createdBy>
<createdTime>2025-09-14 03:51:23 UTC</createdTime>
<generatorID>836DB583-44B0-FF14-1737-6B35E9464AFB</generatorID>
<ownerDesignName>Exp_5</ownerDesignName>
<engineerTo>
<item key="072AFDF8-1655-9ED8-9354-6D05F61BD54A" value="true"/>
</engineerTo>
<nullsAllowed>true</nullsAllowed>
<use>0</use>
<logicalDatatype>LOGDT024</logicalDatatype>
<domain>CCB0DAB4-883A-1B66-004E-54F6BE39DD8F</domain>
<ownDataTypeParameters>,,</ownDataTypeParameters>
</Attribute>
</attributes>
<identifiers itemClass="oracle.dbtools.crest.model.design.logical.CandidateKey">
<identifier id="88050B22-0EAC-3AC0-1F8D-1D8CAD6CCB92" name="pk pago">
<createdBy>benjaminclaros</createdBy>
<createdTime>2025-09-14 03:51:23 UTC</createdTime>
<generatorID>D799D8AB-3919-0C8B-5D04-265D779EBB6F</generatorID>
<ownerDesignName>Exp_5</ownerDesignName>
<engineerTo>
<item key="072AFDF8-1655-9ED8-9354-6D05F61BD54A" value="true"/>
</engineerTo>
<pk>true</pk>
<usedAttributes>
<attributeRef>296915EA-0754-A233-ECCB-424892FAC8FA</attributeRef>
</usedAttributes>
</identifier>
<identifier id="F9433EBF-A93A-68D8-3076-A77CC261B70F" name="uq pago atencion">
<createdBy>benjaminclaros</createdBy>
<createdTime>2025-09-14 03:51:23 UTC</createdTime>
<generatorID>D2FFBD85-D102-F86B-9ECB-9FC669FA4BA1</generatorID>
<ownerDesignName>Exp_5</ownerDesignName>
<engineerTo>
<item key="072AFDF8-1655-9ED8-9354-6D05F61BD54A" value="true"/>
</engineerTo>
<usedAttributes>
<attributeRef>2773AEE8-CB55-9ED8-C5A2-62C7DBE52F45</attributeRef>
</usedAttributes>
</identifier>
</identifiers>
</Entity>