<?xml version = '1.0' encoding = 'UTF-8'?>
<Table class="oracle.dbtools.crest.model.design.relational.Table" directorySegmentName="seg_0" id="2F42204B-8514-0D4E-5B5C-2F9B657BCEB4" name="PACIENTE">
<sourceDDLFile>centro_medico_san_rafael.sql</sourceDDLFile>
<createdBy>benjaminclaros</createdBy>
<createdTime>2025-09-14 03:49:24 UTC</createdTime>
<ownerDesignName>Exp_5</ownerDesignName>
<importedID>4551B33D-735C-B40E-5081-2413BC1CB165</importedID>
<useDDLTransformationScript>true</useDDLTransformationScript>
<allowColumnReorder>false</allowColumnReorder>
<existDependencyGenerateInDDl>true</existDependencyGenerateInDDl>
<parsed>true</parsed>
<columns itemClass="oracle.dbtools.crest.model.design.relational.Column">
<Column name="rut_paciente" id="1B51D77D-463B-3665-5595-ED3BF853A5E1">
<sourceDDLFile>centro_medico_san_rafael.sql</sourceDDLFile>
<createdBy>benjaminclaros</createdBy>
<createdTime>2025-09-14 03:49:24 UTC</createdTime>
<ownerDesignName>Exp_5</ownerDesignName>
<importedID>AC71B259-6112-8594-57D8-60165A08CD00</importedID>
<use>0</use>
<logicalDatatype>LOGDT024</logicalDatatype>
<domain>9EDD48DA-9CDD-E4FF-C2AB-23E16735493A</domain>
<ownDataTypeParameters>,,</ownDataTypeParameters>
<autoIncrementCycle>false</autoIncrementCycle>
</Column>
<Column name="nombre" id="9F7B8954-8F6D-6E36-4EA0-037C567D5B11">
<sourceDDLFile>centro_medico_san_rafael.sql</sourceDDLFile>
<createdBy>benjaminclaros</createdBy>
<createdTime>2025-09-14 03:49:24 UTC</createdTime>
<ownerDesignName>Exp_5</ownerDesignName>
<importedID>C9E45FB3-0E45-06AB-7A04-CC02EA7F6320</importedID>
<use>0</use>
<logicalDatatype>LOGDT024</logicalDatatype>
<domain>A896BB89-2306-4469-2E8E-6D46D86F7D4C</domain>
<ownDataTypeParameters>,,</ownDataTypeParameters>
<autoIncrementCycle>false</autoIncrementCycle>
</Column>
<Column name="sexo" id="867BB755-3125-530A-2378-981655616D59">
<sourceDDLFile>centro_medico_san_rafael.sql</sourceDDLFile>
<createdBy>benjaminclaros</createdBy>
<createdTime>2025-09-14 03:49:24 UTC</createdTime>
<ownerDesignName>Exp_5</ownerDesignName>
<importedID>8DCA05CB-123D-0140-BD63-6151C6219C3B</importedID>
<use>0</use>
<logicalDatatype>LOGDT025</logicalDatatype>
<domain>3BDB1338-E7B2-52ED-BCA4-C83E48F2B2DC</domain>
<ownDataTypeParameters>,,</ownDataTypeParameters>
<autoIncrementCycle>false</autoIncrementCycle>
</Column>
<Column name="fecha_nacimiento" id="382F3A46-6837-52B4-2A22-5F84E21CDFD9">
<sourceDDLFile>centro_medico_san_rafael.sql</sourceDDLFile>
<createdBy>benjaminclaros</createdBy>
<createdTime>2025-09-14 03:49:24 UTC</createdTime>
<ownerDesignName>Exp_5</ownerDesignName>
<importedID>45FE74FA-48F5-EE7F-2FA0-0699D02CDE73</importedID>
<use>0</use>
<logicalDatatype>LOGDT007</logicalDatatype>
<domain>0A7AEDBD-EC1A-E151-9D0C-98400E174F6D</domain>
<ownDataTypeParameters>,,</ownDataTypeParameters>
<autoIncrementCycle>false</autoIncrementCycle>
</Column>
<Column name="direccion" id="B6B0C20F-A85F-8077-C7DB-830F0507984B">
<sourceDDLFile>centro_medico_san_rafael.sql</sourceDDLFile>
<createdBy>benjaminclaros</createdBy>
<createdTime>2025-09-14 03:49:24 UTC</createdTime>
<ownerDesignName>Exp_5</ownerDesignName>
<importedID>34B41428-89FA-51AE-F87A-854582196298</importedID>
<use>0</use>
<logicalDatatype>LOGDT024</logicalDatatype>
<domain>07A607D7-479B-887D-C5F8-826CF91AF953</domain>
<ownDataTypeParameters>,,</ownDataTypeParameters>
<autoIncrementCycle>false</autoIncrementCycle>
</Column>
<Column name="cod_comuna" id="F88F370F-F2BB-CDE2-6EF0-9C42BDECE773">
<sourceDDLFile>centro_medico_san_rafael.sql</sourceDDLFile>
<createdBy>benjaminclaros</createdBy>
<createdTime>2025-09-14 03:49:24 UTC</createdTime>
<ownerDesignName>Exp_5</ownerDesignName>
<importedID>DF1F5041-1E81-3C1C-D30D-6F7ECDE6D852</importedID>
<use>0</use>
<logicalDatatype>LOGDT024</logicalDatatype>
<domain>40FF2413-FD81-22D3-1DEB-705E0C3D8B67</domain>
<ownDataTypeParameters>,,</ownDataTypeParameters>
<autoIncrementCycle>false</autoIncrementCycle>
<associations>
<colAssociation fkAssociation="E8C3BA37-9FB3-728D-4EAF-94FE8DC2807E" referredColumn="95C4F355-FA85-8428-269E-ED111DFF2988"/>
</associations>
</Column>
<Column name="tipo_usuario" id="CAD41894-F391-F04B-A0DC-2325C774809A">
<sourceDDLFile>centro_medico_san_rafael.sql</sourceDDLFile>
<createdBy>benjaminclaros</createdBy>
<createdTime>2025-09-14 03:49:24 UTC</createdTime>
<ownerDesignName>Exp_5</ownerDesignName>
<importedID>7CCEE205-9F5E-85BF-FAAD-AF1A57DFA206</importedID>
<use>0</use>
<logicalDatatype>LOGDT024</logicalDatatype>
<domain>F5F57D4A-5F9F-2730-07C9-440E60C4B429</domain>
<ownDataTypeParameters>,,</ownDataTypeParameters>
<autoIncrementCycle>false</autoIncrementCycle>
</Column>
<Column name="telefono" id="9C57F36D-27D0-0A4A-14AE-D8D3910DFC38">
<sourceDDLFile>centro_medico_san_rafael.sql</sourceDDLFile>
<createdBy>benjaminclaros</createdBy>
<createdTime>2025-09-14 03:49:24 UTC</createdTime>
<ownerDesignName>Exp_5</ownerDesignName>
<importedID>1F168723-8D36-E5B8-C260-F861DAC6BC39</importedID>
<nullsAllowed>true</nullsAllowed>
<use>0</use>
<logicalDatatype>LOGDT024</logicalDatatype>
<domain>CBD65C54-FA60-A7F0-0C6B-F5AE9AD6DB49</domain>
<ownDataTypeParameters>,,</ownDataTypeParameters>
<autoIncrementCycle>false</autoIncrementCycle>
</Column>
<Column name="email" id="C35BA242-B61D-1CE2-F18F-479FBC05344D">
<sourceDDLFile>centro_medico_san_rafael.sql</sourceDDLFile>
<createdBy>benjaminclaros</createdBy>
<createdTime>2025-09-14 03:49:24 UTC</createdTime>
<ownerDesignName>Exp_5</ownerDesignName>
<importedID>00A765D2-A85A-A45E-5668-68D93CCC3945</importedID>
<nullsAllowed>true</nullsAllowed>
<use>0</use>
<logicalDatatype>LOGDT024</logicalDatatype>
<domain>CCB0DAB4-883A-1B66-004E-54F6BE39DD8F</domain>
<ownDataTypeParameters>,,</ownDataTypeParameters>
<autoIncrementCycle>false</autoIncrementCycle>
</Column>
</columns>
<indexes itemClass="oracle.dbtools.crest.model.design.relational.Index">
<ind_PK_UK id="14532B33-60BF-26DB-81F5-BC4DB193C735" name="pk_paciente">
<sourceDDLFile>centro_medico_san_rafael.sql</sourceDDLFile>
<createdBy>benjaminclaros</createdBy>
<createdTime>2025-09-14 03:49:24 UTC</createdTime>
<ownerDesignName>Exp_5</ownerDesignName>
<importedID>BA353302-6688-65D7-5AC3-F49DD43C0501</importedID>
<pk>true</pk>
<indexState>Primary Constraint</indexState>
<isSurrogateKey>false</isSurrogateKey>
<indexColumnUsage>
<colUsage columnID="1B51D77D-463B-3665-5595-ED3BF853A5E1"/>
</indexColumnUsage>
</ind_PK_UK>
<ind_PK_UK id="CB9515BA-B947-F580-BE0E-AE9D59337543" name="idx_paciente_comuna">
<sourceDDLFile>centro_medico_san_rafael.sql</sourceDDLFile>
<createdBy>benjaminclaros</createdBy>
<createdTime>2025-09-14 03:49:24 UTC</createdTime>
<ownerDesignName>Exp_5</ownerDesignName>
<importedID>87CE1D24-6793-041F-67DF-0B1C3CD6C4EB</importedID>
<isSurrogateKey>false</isSurrogateKey>
<indexColumnUsage>
<colUsage columnID="F88F370F-F2BB-CDE2-6EF0-9C42BDECE773"/>
</indexColumnUsage>
</ind_PK_UK>
<ind_PK_UK id="C1CAB8D1-6C9F-0614-8C88-70F02F69C3CC" name="fk_paciente_comuna">
<createdBy>benjaminclaros</createdBy>
<createdTime>2025-09-14 03:49:24 UTC</createdTime>
<ownerDesignName>Exp_5</ownerDesignName>
<indexState>Foreign Key</indexState>
<isSurrogateKey>false</isSurrogateKey>
<indexColumnUsage>
<colUsage columnID="F88F370F-F2BB-CDE2-6EF0-9C42BDECE773"/>
</indexColumnUsage>
</ind_PK_UK>
</indexes>
<tableCheckConstraints itemClass="oracle.dbtools.crest.model.design.constraint.TableLevelConstraint">
<tableCheckConstraint name="chk_paciente_tipo" directorySegmentName="seg_0" id="CE48451A-BD8E-BBFE-0CFE-493975973E97">
<sourceDDLFile>centro_medico_san_rafael.sql</sourceDDLFile>
<createdBy>benjaminclaros</createdBy>
<createdTime>2025-09-14 03:49:24 UTC</createdTime>
<ownerDesignName>Exp_5</ownerDesignName>
<importedID>E9772874-A1FB-0E07-A0CA-D5FBE5EFC8AD</importedID>
<rule><![CDATA[tipo_usuario IN ('ESTUDIANTE','FUNCIONARIO','EXTERNO')]]></rule>
</tableCheckConstraint>
</tableCheckConstraints>
</Table>