<?xml version = '1.0' encoding = 'UTF-8'?>
<Table class="oracle.dbtools.crest.model.design.relational.Table" directorySegmentName="seg_0" id="3D0A74CB-1CC3-4C08-D85F-ED0BB3AC3E97" name="ATENCION">
<sourceDDLFile>centro_medico_san_rafael.sql</sourceDDLFile>
<createdBy>benjaminclaros</createdBy>
<createdTime>2025-09-14 03:49:24 UTC</createdTime>
<commentInRDBMS><![CDATA[Ficha clínica: vincula paciente, médico, unidad y monto. Auditoría incluida.]]></commentInRDBMS>
<ownerDesignName>Exp_5</ownerDesignName>
<importedID>A42C7B0B-F674-FB00-DF9A-7ABA6FF021FB</importedID>
<useDDLTransformationScript>true</useDDLTransformationScript>
<allowColumnReorder>false</allowColumnReorder>
<existDependencyGenerateInDDl>true</existDependencyGenerateInDDl>
<parsed>true</parsed>
<columns itemClass="oracle.dbtools.crest.model.design.relational.Column">
<Column name="id_atencion" id="3A26E66C-0FBC-646E-14CF-928709D521A0">
<sourceDDLFile>centro_medico_san_rafael.sql</sourceDDLFile>
<createdBy>benjaminclaros</createdBy>
<createdTime>2025-09-14 03:49:24 UTC</createdTime>
<ownerDesignName>Exp_5</ownerDesignName>
<importedID>4E471C8B-C58A-147B-CC05-34DD8A55EE8A</importedID>
<use>0</use>
<logicalDatatype>LOGDT019</logicalDatatype>
<domain>CEA19EF1-31B9-4BCB-9A1B-7C888A12506B</domain>
<ownDataTypeParameters>,,</ownDataTypeParameters>
<autoIncrementColumn>true</autoIncrementColumn>
<identityColumn>true</identityColumn>
<autoIncrementCycle>false</autoIncrementCycle>
<autoIncrementOrder>false</autoIncrementOrder>
</Column>
<Column name="fecha_hora" id="0EB8736E-2213-B6B1-2BF8-F11572EF1C77">
<sourceDDLFile>centro_medico_san_rafael.sql</sourceDDLFile>
<createdBy>benjaminclaros</createdBy>
<createdTime>2025-09-14 03:49:24 UTC</createdTime>
<ownerDesignName>Exp_5</ownerDesignName>
<importedID>6318BB2A-D8D9-97D9-0284-6FF077C54D7C</importedID>
<use>0</use>
<logicalDatatype>LOGDT015</logicalDatatype>
<domain>54505ED8-7997-3B6D-24BB-E3C8C2A2D817</domain>
<ownDataTypeParameters>,,</ownDataTypeParameters>
<autoIncrementCycle>false</autoIncrementCycle>
</Column>
<Column name="tipo_atencion" id="2431964D-4F28-374E-840D-2419F48DE2A1">
<sourceDDLFile>centro_medico_san_rafael.sql</sourceDDLFile>
<createdBy>benjaminclaros</createdBy>
<createdTime>2025-09-14 03:49:24 UTC</createdTime>
<ownerDesignName>Exp_5</ownerDesignName>
<importedID>1D3D1173-E94B-AE78-77DF-413618C71D99</importedID>
<use>0</use>
<logicalDatatype>LOGDT024</logicalDatatype>
<domain>F5F57D4A-5F9F-2730-07C9-440E60C4B429</domain>
<ownDataTypeParameters>,,</ownDataTypeParameters>
<autoIncrementCycle>false</autoIncrementCycle>
</Column>
<Column name="rut_paciente" id="280AA38A-4A23-ACDB-405A-22F020679D91">
<sourceDDLFile>centro_medico_san_rafael.sql</sourceDDLFile>
<createdBy>benjaminclaros</createdBy>
<createdTime>2025-09-14 03:49:24 UTC</createdTime>
<ownerDesignName>Exp_5</ownerDesignName>
<importedID>2A372D06-3AE2-3F05-6623-685931503423</importedID>
<use>0</use>
<logicalDatatype>LOGDT024</logicalDatatype>
<domain>9EDD48DA-9CDD-E4FF-C2AB-23E16735493A</domain>
<ownDataTypeParameters>,,</ownDataTypeParameters>
<autoIncrementCycle>false</autoIncrementCycle>
<associations>
<colAssociation fkAssociation="E741D3D9-AD1A-446B-4A6B-3FB8635C0A1B" referredColumn="1B51D77D-463B-3665-5595-ED3BF853A5E1"/>
</associations>
</Column>
<Column name="rut_medico" id="E749F830-E800-89A3-8C4E-DA6032A3BDA7">
<sourceDDLFile>centro_medico_san_rafael.sql</sourceDDLFile>
<createdBy>benjaminclaros</createdBy>
<createdTime>2025-09-14 03:49:24 UTC</createdTime>
<ownerDesignName>Exp_5</ownerDesignName>
<importedID>F98F9F7F-8B03-4718-C227-59660C1F1FAC</importedID>
<use>0</use>
<logicalDatatype>LOGDT024</logicalDatatype>
<domain>9EDD48DA-9CDD-E4FF-C2AB-23E16735493A</domain>
<ownDataTypeParameters>,,</ownDataTypeParameters>
<autoIncrementCycle>false</autoIncrementCycle>
<associations>
<colAssociation fkAssociation="5049CB73-8C56-3752-C441-F3471AE126BE" referredColumn="1C1DF2E7-0C7C-5FDD-79FD-2A09CCC3BB7D"/>
</associations>
</Column>
<Column name="cod_unidad" id="E8EF92E4-57D8-61C8-199A-D9F792388335">
<sourceDDLFile>centro_medico_san_rafael.sql</sourceDDLFile>
<createdBy>benjaminclaros</createdBy>
<createdTime>2025-09-14 03:49:24 UTC</createdTime>
<ownerDesignName>Exp_5</ownerDesignName>
<importedID>B1039318-87AD-133C-40DE-78256E3427C1</importedID>
<use>0</use>
<logicalDatatype>LOGDT024</logicalDatatype>
<domain>40FF2413-FD81-22D3-1DEB-705E0C3D8B67</domain>
<ownDataTypeParameters>,,</ownDataTypeParameters>
<autoIncrementCycle>false</autoIncrementCycle>
<associations>
<colAssociation fkAssociation="E6CC4C59-AD72-C3B9-18D3-DB779312E56E" referredColumn="573888AC-E44D-2A9F-ADF0-CBE4821E9565"/>
</associations>
</Column>
<Column name="diagnostico" id="F0BBAC35-AE9C-3695-DA30-5ED791B049BB">
<sourceDDLFile>centro_medico_san_rafael.sql</sourceDDLFile>
<createdBy>benjaminclaros</createdBy>
<createdTime>2025-09-14 03:49:24 UTC</createdTime>
<ownerDesignName>Exp_5</ownerDesignName>
<importedID>26486578-B389-9072-5500-EFD8AA170F50</importedID>
<nullsAllowed>true</nullsAllowed>
<use>0</use>
<logicalDatatype>LOGDT028</logicalDatatype>
<domain>417E5C7A-9B5B-88E3-BBDA-8B2CAA610B4F</domain>
<ownDataTypeParameters>,,</ownDataTypeParameters>
<autoIncrementCycle>false</autoIncrementCycle>
</Column>
<Column name="monto_pagado" id="5C263FF4-2B73-FA2A-1A94-D3961DF4DA60">
<sourceDDLFile>centro_medico_san_rafael.sql</sourceDDLFile>
<createdBy>benjaminclaros</createdBy>
<createdTime>2025-09-14 03:49:24 UTC</createdTime>
<ownerDesignName>Exp_5</ownerDesignName>
<importedID>0E7387B2-2057-9C29-3112-A2E90DB47981</importedID>
<nullsAllowed>true</nullsAllowed>
<use>0</use>
<logicalDatatype>LOGDT019</logicalDatatype>
<domain>32026BBB-1E54-9900-11E0-0A1C21B5F09F</domain>
<ownDataTypeParameters>,,</ownDataTypeParameters>
<autoIncrementCycle>false</autoIncrementCycle>
</Column>
<Column name="modalidad" id="FEE355AE-8C52-8211-9DD4-45333AEF538A">
<sourceDDLFile>centro_medico_san_rafael.sql</sourceDDLFile>
<createdBy>benjaminclaros</createdBy>
<createdTime>2025-09-14 03:49:24 UTC</createdTime>
<ownerDesignName>Exp_5</ownerDesignName>
<importedID>0A544889-DCCC-3408-6499-FEABBE85FD89</importedID>
<use>0</use>
<logicalDatatype>LOGDT024</logicalDatatype>
<domain>1A8067E3-33B1-CA3B-B268-0886BA9AE55B</domain>
<ownDataTypeParameters>,,</ownDataTypeParameters>
<autoIncrementCycle>false</autoIncrementCycle>
</Column>
<Column name="created_by" id="6C36EC33-24D1-522B-A559-4C6101D4B57C">
<sourceDDLFile>centro_medico_san_rafael.sql</sourceDDLFile>
<createdBy>benjaminclaros</createdBy>
<createdTime>2025-09-14 03:49:24 UTC</createdTime>
<ownerDesignName>Exp_5</ownerDesignName>
<importedID>0A3EDC56-21C8-B0FE-141F-AB396CF3E901</importedID>
<nullsAllowed>true</nullsAllowed>
<use>0</use>
<logicalDatatype>LOGDT024</logicalDatatype>
<domain>C027769F-495D-C83C-17BF-19BAAE2C279E</domain>
<ownDataTypeParameters>,,</ownDataTypeParameters>
<autoIncrementCycle>false</autoIncrementCycle>
</Column>
<Column name="created_at" id="045F7071-7D6B-26AB-DE19-BE84CA795281">
<sourceDDLFile>centro_medico_san_rafael.sql</sourceDDLFile>
<createdBy>benjaminclaros</createdBy>
<createdTime>2025-09-14 03:49:24 UTC</createdTime>
<ownerDesignName>Exp_5</ownerDesignName>
<importedID>2F899000-35F1-0FA6-3153-06C749278A59</importedID>
<nullsAllowed>true</nullsAllowed>
<use>0</use>
<logicalDatatype>LOGDT015</logicalDatatype>
<domain>54505ED8-7997-3B6D-24BB-E3C8C2A2D817</domain>
<defaultValue>SYSTIMESTAMP</defaultValue>
<ownDataTypeParameters>,,</ownDataTypeParameters>
<autoIncrementCycle>false</autoIncrementCycle>
</Column>
<Column name="updated_by" id="AA1A39BE-230C-49E9-CC18-EC83F55EC456">
<sourceDDLFile>centro_medico_san_rafael.sql</sourceDDLFile>
<createdBy>benjaminclaros</createdBy>
<createdTime>2025-09-14 03:49:24 UTC</createdTime>
<ownerDesignName>Exp_5</ownerDesignName>
<importedID>B5235599-2359-71B3-3CB1-4930B6FDBB07</importedID>
<nullsAllowed>true</nullsAllowed>
<use>0</use>
<logicalDatatype>LOGDT024</logicalDatatype>
<domain>C027769F-495D-C83C-17BF-19BAAE2C279E</domain>
<ownDataTypeParameters>,,</ownDataTypeParameters>
<autoIncrementCycle>false</autoIncrementCycle>
</Column>
<Column name="updated_at" id="4BC2823A-5099-E428-1889-585D437A0F02">
<sourceDDLFile>centro_medico_san_rafael.sql</sourceDDLFile>
<createdBy>benjaminclaros</createdBy>
<createdTime>2025-09-14 03:49:24 UTC</createdTime>
<ownerDesignName>Exp_5</ownerDesignName>
<importedID>9E903C8F-B474-E39D-E001-A367BBB9984E</importedID>
<nullsAllowed>true</nullsAllowed>
<use>0</use>
<logicalDatatype>LOGDT015</logicalDatatype>
<domain>54505ED8-7997-3B6D-24BB-E3C8C2A2D817</domain>
<ownDataTypeParameters>,,</ownDataTypeParameters>
<autoIncrementCycle>false</autoIncrementCycle>
</Column>
</columns>
<indexes itemClass="oracle.dbtools.crest.model.design.relational.Index">
<ind_PK_UK id="9C71C48E-F86E-3783-CD61-93ED9F62971A" name="pk_atencion">
<sourceDDLFile>centro_medico_san_rafael.sql</sourceDDLFile>
<createdBy>benjaminclaros</createdBy>
<createdTime>2025-09-14 03:49:24 UTC</createdTime>
<ownerDesignName>Exp_5</ownerDesignName>
<importedID>6BA4BFFF-675E-AB12-B3D0-C5CB40EA656B</importedID>
<pk>true</pk>
<indexState>Primary Constraint</indexState>
<isSurrogateKey>false</isSurrogateKey>
<indexColumnUsage>
<colUsage columnID="3A26E66C-0FBC-646E-14CF-928709D521A0"/>
</indexColumnUsage>
</ind_PK_UK>
<ind_PK_UK id="48F5C5A1-7795-B45E-D88C-EFFA9D0B577B" name="idx_atencion_paciente">
<sourceDDLFile>centro_medico_san_rafael.sql</sourceDDLFile>
<createdBy>benjaminclaros</createdBy>
<createdTime>2025-09-14 03:49:24 UTC</createdTime>
<ownerDesignName>Exp_5</ownerDesignName>
<importedID>170124D1-49A9-28D1-B14E-F8322A0BF3B3</importedID>
<isSurrogateKey>false</isSurrogateKey>
<indexColumnUsage>
<colUsage columnID="280AA38A-4A23-ACDB-405A-22F020679D91"/>
</indexColumnUsage>
</ind_PK_UK>
<ind_PK_UK id="1A21760D-9687-954D-670D-1C5D6E7E2043" name="idx_atencion_medico">
<sourceDDLFile>centro_medico_san_rafael.sql</sourceDDLFile>
<createdBy>benjaminclaros</createdBy>
<createdTime>2025-09-14 03:49:24 UTC</createdTime>
<ownerDesignName>Exp_5</ownerDesignName>
<importedID>CAF53F3F-5611-9E90-0B54-2E5D54EF44DE</importedID>
<isSurrogateKey>false</isSurrogateKey>
<indexColumnUsage>
<colUsage columnID="E749F830-E800-89A3-8C4E-DA6032A3BDA7"/>
</indexColumnUsage>
</ind_PK_UK>
<ind_PK_UK id="C13BEC53-3A94-15F4-BC6B-C49A37EFA06A" name="fk_atencion_medico">
<createdBy>benjaminclaros</createdBy>
<createdTime>2025-09-14 03:49:24 UTC</createdTime>
<ownerDesignName>Exp_5</ownerDesignName>
<indexState>Foreign Key</indexState>
<isSurrogateKey>false</isSurrogateKey>
<indexColumnUsage>
<colUsage columnID="E749F830-E800-89A3-8C4E-DA6032A3BDA7"/>
</indexColumnUsage>
</ind_PK_UK>
<ind_PK_UK id="AE750034-D7FA-1AC7-A2FD-EA5E792E1C98" name="fk_atencion_paciente">
<createdBy>benjaminclaros</createdBy>
<createdTime>2025-09-14 03:49:24 UTC</createdTime>
<ownerDesignName>Exp_5</ownerDesignName>
<indexState>Foreign Key</indexState>
<isSurrogateKey>false</isSurrogateKey>
<indexColumnUsage>
<colUsage columnID="280AA38A-4A23-ACDB-405A-22F020679D91"/>
</indexColumnUsage>
</ind_PK_UK>
<ind_PK_UK id="01F72F60-4696-A2FD-A384-45569C0AE13F" name="fk_atencion_unidad">
<createdBy>benjaminclaros</createdBy>
<createdTime>2025-09-14 03:49:24 UTC</createdTime>
<ownerDesignName>Exp_5</ownerDesignName>
<indexState>Foreign Key</indexState>
<isSurrogateKey>false</isSurrogateKey>
<indexColumnUsage>
<colUsage columnID="E8EF92E4-57D8-61C8-199A-D9F792388335"/>
</indexColumnUsage>
</ind_PK_UK>
</indexes>
<tableCheckConstraints itemClass="oracle.dbtools.crest.model.design.constraint.TableLevelConstraint">
<tableCheckConstraint name="chk_tipo_atencion" directorySegmentName="seg_0" id="E924F7F8-136E-FB99-634A-54BCB62C314C">
<sourceDDLFile>centro_medico_san_rafael.sql</sourceDDLFile>
<createdBy>benjaminclaros</createdBy>
<createdTime>2025-09-14 03:49:24 UTC</createdTime>
<ownerDesignName>Exp_5</ownerDesignName>
<importedID>87FC892C-BD04-1397-575E-D69BB73D94EB</importedID>
<rule><![CDATA[tipo_atencion IN ('GENERAL','URGENCIA','PREVENTIVA')]]></rule>
</tableCheckConstraint>
<tableCheckConstraint name="chk_modalidad" directorySegmentName="seg_0" id="1B5E402E-A5F3-2C06-1E8B-68DAE3C2728F">
<sourceDDLFile>centro_medico_san_rafael.sql</sourceDDLFile>
<createdBy>benjaminclaros</createdBy>
<createdTime>2025-09-14 03:49:24 UTC</createdTime>
<ownerDesignName>Exp_5</ownerDesignName>
<importedID>84C6FBBB-DF04-A6EB-7510-67BC3F15F7A2</importedID>
<rule><![CDATA[modalidad IN ('PRESENCIAL','VIRTUAL')]]></rule>
</tableCheckConstraint>
</tableCheckConstraints>
</Table>