<?xml version = '1.0' encoding = 'UTF-8'?>
<Table class="oracle.dbtools.crest.model.design.relational.Table" directorySegmentName="seg_0" id="43459750-CA59-87E9-7DBA-5AB5CB04D3A1" name="PAGO">
<sourceDDLFile>centro_medico_san_rafael.sql</sourceDDLFile>
<createdBy>benjaminclaros</createdBy>
<createdTime>2025-09-14 03:49:24 UTC</createdTime>
<commentInRDBMS><![CDATA[Pago asociado obligatoriamente a una atención (1:1).]]></commentInRDBMS>
<ownerDesignName>Exp_5</ownerDesignName>
<importedID>EF92491E-649B-AEE7-FE7D-D802AFF0DFCC</importedID>
<useDDLTransformationScript>true</useDDLTransformationScript>
<allowColumnReorder>false</allowColumnReorder>
<existDependencyGenerateInDDl>true</existDependencyGenerateInDDl>
<parsed>true</parsed>
<columns itemClass="oracle.dbtools.crest.model.design.relational.Column">
<Column name="id_pago" id="30D2E399-0642-9E14-348F-BDE47E067D28">
<sourceDDLFile>centro_medico_san_rafael.sql</sourceDDLFile>
<createdBy>benjaminclaros</createdBy>
<createdTime>2025-09-14 03:49:24 UTC</createdTime>
<ownerDesignName>Exp_5</ownerDesignName>
<importedID>5DCC573D-A2EC-9F0D-BFF2-C89058BC0DD2</importedID>
<use>0</use>
<logicalDatatype>LOGDT019</logicalDatatype>
<domain>CEA19EF1-31B9-4BCB-9A1B-7C888A12506B</domain>
<ownDataTypeParameters>,,</ownDataTypeParameters>
<autoIncrementColumn>true</autoIncrementColumn>
<identityColumn>true</identityColumn>
<autoIncrementCycle>false</autoIncrementCycle>
<autoIncrementOrder>false</autoIncrementOrder>
</Column>
<Column name="id_atencion" id="73C1F0A5-557B-EE0B-971A-6560B9B23293">
<sourceDDLFile>centro_medico_san_rafael.sql</sourceDDLFile>
<createdBy>benjaminclaros</createdBy>
<createdTime>2025-09-14 03:49:24 UTC</createdTime>
<ownerDesignName>Exp_5</ownerDesignName>
<importedID>F5CCB030-66F3-DD1F-817B-1A903A1AF8DF</importedID>
<use>0</use>
<logicalDatatype>LOGDT019</logicalDatatype>
<domain>CEA19EF1-31B9-4BCB-9A1B-7C888A12506B</domain>
<ownDataTypeParameters>,,</ownDataTypeParameters>
<autoIncrementCycle>false</autoIncrementCycle>
<associations>
<colAssociation fkAssociation="320164D6-2558-ED2D-2138-48A7FB80D0CE" referredColumn="3A26E66C-0FBC-646E-14CF-928709D521A0"/>
</associations>
</Column>
<Column name="monto" id="918D6045-E33E-6C64-4FB4-21BEAF76BD48">
<sourceDDLFile>centro_medico_san_rafael.sql</sourceDDLFile>
<createdBy>benjaminclaros</createdBy>
<createdTime>2025-09-14 03:49:24 UTC</createdTime>
<ownerDesignName>Exp_5</ownerDesignName>
<importedID>1F5F1218-3684-092F-EE80-E6E939F68205</importedID>
<use>0</use>
<logicalDatatype>LOGDT019</logicalDatatype>
<domain>32026BBB-1E54-9900-11E0-0A1C21B5F09F</domain>
<ownDataTypeParameters>,,</ownDataTypeParameters>
<autoIncrementCycle>false</autoIncrementCycle>
</Column>
<Column name="tipo_pago" id="FD23ADFF-94D0-DCB1-9F85-F408DDE045B7">
<sourceDDLFile>centro_medico_san_rafael.sql</sourceDDLFile>
<createdBy>benjaminclaros</createdBy>
<createdTime>2025-09-14 03:49:24 UTC</createdTime>
<ownerDesignName>Exp_5</ownerDesignName>
<importedID>46AD4562-48D1-A233-4D41-9AAB97852E55</importedID>
<use>0</use>
<logicalDatatype>LOGDT024</logicalDatatype>
<domain>F5F57D4A-5F9F-2730-07C9-440E60C4B429</domain>
<ownDataTypeParameters>,,</ownDataTypeParameters>
<autoIncrementCycle>false</autoIncrementCycle>
</Column>
<Column name="fecha_pago" id="82C875CB-C84F-D597-0E47-87022CCB9A69">
<sourceDDLFile>centro_medico_san_rafael.sql</sourceDDLFile>
<createdBy>benjaminclaros</createdBy>
<createdTime>2025-09-14 03:49:24 UTC</createdTime>
<ownerDesignName>Exp_5</ownerDesignName>
<importedID>4B65CB2A-8E7B-8AC2-BE29-1237BEC6E62B</importedID>
<use>0</use>
<logicalDatatype>LOGDT015</logicalDatatype>
<domain>54505ED8-7997-3B6D-24BB-E3C8C2A2D817</domain>
<defaultValue>SYSTIMESTAMP</defaultValue>
<ownDataTypeParameters>,,</ownDataTypeParameters>
<autoIncrementCycle>false</autoIncrementCycle>
</Column>
<Column name="referencia_pago" id="836DB583-44B0-FF14-1737-6B35E9464AFB">
<sourceDDLFile>centro_medico_san_rafael.sql</sourceDDLFile>
<createdBy>benjaminclaros</createdBy>
<createdTime>2025-09-14 03:49:24 UTC</createdTime>
<ownerDesignName>Exp_5</ownerDesignName>
<importedID>7FEE34F9-A1FB-ECE3-1833-F1F4757E78B0</importedID>
<nullsAllowed>true</nullsAllowed>
<use>0</use>
<logicalDatatype>LOGDT024</logicalDatatype>
<domain>CCB0DAB4-883A-1B66-004E-54F6BE39DD8F</domain>
<ownDataTypeParameters>,,</ownDataTypeParameters>
<autoIncrementCycle>false</autoIncrementCycle>
</Column>
</columns>
<indexes itemClass="oracle.dbtools.crest.model.design.relational.Index">
<ind_PK_UK id="D799D8AB-3919-0C8B-5D04-265D779EBB6F" name="pk_pago">
<sourceDDLFile>centro_medico_san_rafael.sql</sourceDDLFile>
<createdBy>benjaminclaros</createdBy>
<createdTime>2025-09-14 03:49:24 UTC</createdTime>
<ownerDesignName>Exp_5</ownerDesignName>
<importedID>87639C2C-E8C9-0ABF-3080-890C34190B20</importedID>
<pk>true</pk>
<indexState>Primary Constraint</indexState>
<isSurrogateKey>false</isSurrogateKey>
<indexColumnUsage>
<colUsage columnID="30D2E399-0642-9E14-348F-BDE47E067D28"/>
</indexColumnUsage>
</ind_PK_UK>
<ind_PK_UK id="D2FFBD85-D102-F86B-9ECB-9FC669FA4BA1" name="uq_pago_atencion">
<sourceDDLFile>centro_medico_san_rafael.sql</sourceDDLFile>
<createdBy>benjaminclaros</createdBy>
<createdTime>2025-09-14 03:49:24 UTC</createdTime>
<ownerDesignName>Exp_5</ownerDesignName>
<importedID>459A4707-5B9F-BBAB-8158-7246F78308FC</importedID>
<indexState>Unique Constraint</indexState>
<isSurrogateKey>false</isSurrogateKey>
<indexColumnUsage>
<colUsage columnID="73C1F0A5-557B-EE0B-971A-6560B9B23293"/>
</indexColumnUsage>
</ind_PK_UK>
<ind_PK_UK id="C5B7A05A-E2A8-503B-1BE1-AD122B697820" name="fk_pago_atencion">
<createdBy>benjaminclaros</createdBy>
<createdTime>2025-09-14 03:49:24 UTC</createdTime>
<ownerDesignName>Exp_5</ownerDesignName>
<indexState>Foreign Key</indexState>
<isSurrogateKey>false</isSurrogateKey>
<indexColumnUsage>
<colUsage columnID="73C1F0A5-557B-EE0B-971A-6560B9B23293"/>
</indexColumnUsage>
</ind_PK_UK>
</indexes>
<tableCheckConstraints itemClass="oracle.dbtools.crest.model.design.constraint.TableLevelConstraint">
<tableCheckConstraint name="chk_tipo_pago" directorySegmentName="seg_0" id="3A151123-5CDE-0E0C-9153-AF41A17ABE0C">
<sourceDDLFile>centro_medico_san_rafael.sql</sourceDDLFile>
<createdBy>benjaminclaros</createdBy>
<createdTime>2025-09-14 03:49:24 UTC</createdTime>
<ownerDesignName>Exp_5</ownerDesignName>
<importedID>28B6A60B-C71B-38F9-F81A-3E570C3CA9D0</importedID>
<rule><![CDATA[tipo_pago IN ('EFECTIVO','TARJETA','CONVENIO')]]></rule>
</tableCheckConstraint>
</tableCheckConstraints>
</Table>