<?xml version = '1.0' encoding = 'UTF-8'?>
<Table class="oracle.dbtools.crest.model.design.relational.Table" directorySegmentName="seg_0" id="8D2F3248-7EBE-3C84-9FAC-EADC29647930" name="SOLICITUD_EXAMEN">
<sourceDDLFile>centro_medico_san_rafael.sql</sourceDDLFile>
<createdBy>benjaminclaros</createdBy>
<createdTime>2025-09-14 03:49:24 UTC</createdTime>
<commentInRDBMS><![CDATA[Solicitud de examen por atención.]]></commentInRDBMS>
<ownerDesignName>Exp_5</ownerDesignName>
<importedID>DDE70CFD-EFFB-7777-6B22-BE31C44A8FF8</importedID>
<useDDLTransformationScript>true</useDDLTransformationScript>
<allowColumnReorder>false</allowColumnReorder>
<existDependencyGenerateInDDl>true</existDependencyGenerateInDDl>
<parsed>true</parsed>
<columns itemClass="oracle.dbtools.crest.model.design.relational.Column">
<Column name="id_solicitud" id="0039861F-CD3D-8FB7-2340-F946D9C5C07A">
<sourceDDLFile>centro_medico_san_rafael.sql</sourceDDLFile>
<createdBy>benjaminclaros</createdBy>
<createdTime>2025-09-14 03:49:24 UTC</createdTime>
<ownerDesignName>Exp_5</ownerDesignName>
<importedID>92EB73BC-E980-0E8C-03CA-622B1E86D551</importedID>
<use>0</use>
<logicalDatatype>LOGDT019</logicalDatatype>
<domain>CEA19EF1-31B9-4BCB-9A1B-7C888A12506B</domain>
<ownDataTypeParameters>,,</ownDataTypeParameters>
<autoIncrementColumn>true</autoIncrementColumn>
<identityColumn>true</identityColumn>
<autoIncrementCycle>false</autoIncrementCycle>
<autoIncrementOrder>false</autoIncrementOrder>
</Column>
<Column name="id_atencion" id="C9CA6349-C73B-9742-6695-C22E9C3FC867">
<sourceDDLFile>centro_medico_san_rafael.sql</sourceDDLFile>
<createdBy>benjaminclaros</createdBy>
<createdTime>2025-09-14 03:49:24 UTC</createdTime>
<ownerDesignName>Exp_5</ownerDesignName>
<importedID>2DA7CFC0-7E99-B9E6-4411-26DDF59366DF</importedID>
<use>0</use>
<logicalDatatype>LOGDT019</logicalDatatype>
<domain>CEA19EF1-31B9-4BCB-9A1B-7C888A12506B</domain>
<ownDataTypeParameters>,,</ownDataTypeParameters>
<autoIncrementCycle>false</autoIncrementCycle>
<associations>
<colAssociation fkAssociation="A9D59AEB-AEA4-0AFF-EF2F-FC79326DB4DA" referredColumn="3A26E66C-0FBC-646E-14CF-928709D521A0"/>
</associations>
</Column>
<Column name="cod_examen" id="78D289EB-9A85-DD68-1F9A-9BA377E3B979">
<sourceDDLFile>centro_medico_san_rafael.sql</sourceDDLFile>
<createdBy>benjaminclaros</createdBy>
<createdTime>2025-09-14 03:49:24 UTC</createdTime>
<ownerDesignName>Exp_5</ownerDesignName>
<importedID>2740E151-2A9B-25B4-6965-5037D21436A8</importedID>
<use>0</use>
<logicalDatatype>LOGDT024</logicalDatatype>
<domain>DA9F5D64-2F24-FCBB-119D-2D34A8BFBEFC</domain>
<ownDataTypeParameters>,,</ownDataTypeParameters>
<autoIncrementCycle>false</autoIncrementCycle>
<associations>
<colAssociation fkAssociation="4BFAE27F-779F-7933-FE98-A22514E5B005" referredColumn="0B00447C-C13B-2F2E-B217-05537E50A4FA"/>
</associations>
</Column>
<Column name="rut_medico_solicitante" id="2779E832-6D87-3DCD-6CE9-245AA8380480">
<sourceDDLFile>centro_medico_san_rafael.sql</sourceDDLFile>
<createdBy>benjaminclaros</createdBy>
<createdTime>2025-09-14 03:49:24 UTC</createdTime>
<ownerDesignName>Exp_5</ownerDesignName>
<importedID>CA607065-FD06-5E14-F779-9D340F80D33C</importedID>
<use>0</use>
<logicalDatatype>LOGDT024</logicalDatatype>
<domain>9EDD48DA-9CDD-E4FF-C2AB-23E16735493A</domain>
<ownDataTypeParameters>,,</ownDataTypeParameters>
<autoIncrementCycle>false</autoIncrementCycle>
<associations>
<colAssociation fkAssociation="B484DD26-6B00-E4B2-BA72-536C15E6BB00" referredColumn="1C1DF2E7-0C7C-5FDD-79FD-2A09CCC3BB7D"/>
</associations>
</Column>
<Column name="fecha_solicitud" id="8B989FF5-68EB-72A8-248A-A3DF80585607">
<sourceDDLFile>centro_medico_san_rafael.sql</sourceDDLFile>
<createdBy>benjaminclaros</createdBy>
<createdTime>2025-09-14 03:49:24 UTC</createdTime>
<ownerDesignName>Exp_5</ownerDesignName>
<importedID>BB73FCE3-B6FE-75CE-AB6B-286EB3B7EF41</importedID>
<use>0</use>
<logicalDatatype>LOGDT015</logicalDatatype>
<domain>54505ED8-7997-3B6D-24BB-E3C8C2A2D817</domain>
<defaultValue>SYSTIMESTAMP</defaultValue>
<ownDataTypeParameters>,,</ownDataTypeParameters>
<autoIncrementCycle>false</autoIncrementCycle>
</Column>
<Column name="comentario" id="66850A3A-1752-5DE1-218C-19628B412802">
<sourceDDLFile>centro_medico_san_rafael.sql</sourceDDLFile>
<createdBy>benjaminclaros</createdBy>
<createdTime>2025-09-14 03:49:24 UTC</createdTime>
<ownerDesignName>Exp_5</ownerDesignName>
<importedID>C2576444-A3F0-B3C4-C1AB-338B79663303</importedID>
<nullsAllowed>true</nullsAllowed>
<use>0</use>
<logicalDatatype>LOGDT024</logicalDatatype>
<domain>4EA1225A-E72C-D444-FB88-196474409047</domain>
<ownDataTypeParameters>,,</ownDataTypeParameters>
<autoIncrementCycle>false</autoIncrementCycle>
</Column>
<Column name="created_by" id="40559A16-2962-4991-D040-09A9E69D168D">
<sourceDDLFile>centro_medico_san_rafael.sql</sourceDDLFile>
<createdBy>benjaminclaros</createdBy>
<createdTime>2025-09-14 03:49:24 UTC</createdTime>
<ownerDesignName>Exp_5</ownerDesignName>
<importedID>4D1F80C9-8383-4B31-5625-D56DBD645CA1</importedID>
<nullsAllowed>true</nullsAllowed>
<use>0</use>
<logicalDatatype>LOGDT024</logicalDatatype>
<domain>C027769F-495D-C83C-17BF-19BAAE2C279E</domain>
<ownDataTypeParameters>,,</ownDataTypeParameters>
<autoIncrementCycle>false</autoIncrementCycle>
</Column>
<Column name="created_at" id="31603C6F-5A11-5754-C85E-EA8890405B50">
<sourceDDLFile>centro_medico_san_rafael.sql</sourceDDLFile>
<createdBy>benjaminclaros</createdBy>
<createdTime>2025-09-14 03:49:24 UTC</createdTime>
<ownerDesignName>Exp_5</ownerDesignName>
<importedID>3C4892C1-9665-E954-C520-A003BEE68833</importedID>
<nullsAllowed>true</nullsAllowed>
<use>0</use>
<logicalDatatype>LOGDT015</logicalDatatype>
<domain>54505ED8-7997-3B6D-24BB-E3C8C2A2D817</domain>
<defaultValue>SYSTIMESTAMP</defaultValue>
<ownDataTypeParameters>,,</ownDataTypeParameters>
<autoIncrementCycle>false</autoIncrementCycle>
</Column>
</columns>
<indexes itemClass="oracle.dbtools.crest.model.design.relational.Index">
<ind_PK_UK id="7C12C927-4B00-B54B-2B7B-6B4683D359EA" name="pk_solicitud">
<sourceDDLFile>centro_medico_san_rafael.sql</sourceDDLFile>
<createdBy>benjaminclaros</createdBy>
<createdTime>2025-09-14 03:49:24 UTC</createdTime>
<ownerDesignName>Exp_5</ownerDesignName>
<importedID>7BF8C20C-8C2F-5E67-6711-A2E43B0B4F93</importedID>
<pk>true</pk>
<indexState>Primary Constraint</indexState>
<isSurrogateKey>false</isSurrogateKey>
<indexColumnUsage>
<colUsage columnID="0039861F-CD3D-8FB7-2340-F946D9C5C07A"/>
</indexColumnUsage>
</ind_PK_UK>
<ind_PK_UK id="7C26E108-3B67-2CA0-D8DD-084C63208118" name="idx_solicitud_atencion">
<sourceDDLFile>centro_medico_san_rafael.sql</sourceDDLFile>
<createdBy>benjaminclaros</createdBy>
<createdTime>2025-09-14 03:49:24 UTC</createdTime>
<ownerDesignName>Exp_5</ownerDesignName>
<importedID>32A81DB3-62F9-385D-97F6-64C26D630BCB</importedID>
<isSurrogateKey>false</isSurrogateKey>
<indexColumnUsage>
<colUsage columnID="C9CA6349-C73B-9742-6695-C22E9C3FC867"/>
</indexColumnUsage>
</ind_PK_UK>
<ind_PK_UK id="154B2A00-C016-86E6-0031-F7479A30B0A9" name="fk_solicitud_atencion">
<createdBy>benjaminclaros</createdBy>
<createdTime>2025-09-14 03:49:24 UTC</createdTime>
<ownerDesignName>Exp_5</ownerDesignName>
<indexState>Foreign Key</indexState>
<isSurrogateKey>false</isSurrogateKey>
<indexColumnUsage>
<colUsage columnID="C9CA6349-C73B-9742-6695-C22E9C3FC867"/>
</indexColumnUsage>
</ind_PK_UK>
<ind_PK_UK id="0797A0B5-EC44-F6FB-DB0B-586070668494" name="fk_solicitud_examen">
<createdBy>benjaminclaros</createdBy>
<createdTime>2025-09-14 03:49:24 UTC</createdTime>
<ownerDesignName>Exp_5</ownerDesignName>
<indexState>Foreign Key</indexState>
<isSurrogateKey>false</isSurrogateKey>
<indexColumnUsage>
<colUsage columnID="78D289EB-9A85-DD68-1F9A-9BA377E3B979"/>
</indexColumnUsage>
</ind_PK_UK>
<ind_PK_UK id="CC0ED43B-22BF-AE7D-A04D-7CFD386A29F5" name="fk_solicitud_medico">
<createdBy>benjaminclaros</createdBy>
<createdTime>2025-09-14 03:49:24 UTC</createdTime>
<ownerDesignName>Exp_5</ownerDesignName>
<indexState>Foreign Key</indexState>
<isSurrogateKey>false</isSurrogateKey>
<indexColumnUsage>
<colUsage columnID="2779E832-6D87-3DCD-6CE9-245AA8380480"/>
</indexColumnUsage>
</ind_PK_UK>
</indexes>
</Table>