<?xml version = '1.0' encoding = 'UTF-8'?>
<Table class="oracle.dbtools.crest.model.design.relational.Table" directorySegmentName="seg_0" id="A442FEF1-968D-8F5D-4D7A-E35EEAFF2F46" name="REGION">
<sourceDDLFile>centro_medico_san_rafael.sql</sourceDDLFile>
<createdBy>benjaminclaros</createdBy>
<createdTime>2025-09-14 03:49:24 UTC</createdTime>
<ownerDesignName>Exp_5</ownerDesignName>
<importedID>000BF4EB-3C83-C388-830D-12FBB4855AAB</importedID>
<useDDLTransformationScript>true</useDDLTransformationScript>
<allowColumnReorder>false</allowColumnReorder>
<existDependencyGenerateInDDl>true</existDependencyGenerateInDDl>
<parsed>true</parsed>
<columns itemClass="oracle.dbtools.crest.model.design.relational.Column">
<Column name="cod_region" id="94F62AF0-D73C-AF4F-5E13-4D4F563BB476">
<sourceDDLFile>centro_medico_san_rafael.sql</sourceDDLFile>
<createdBy>benjaminclaros</createdBy>
<createdTime>2025-09-14 03:49:24 UTC</createdTime>
<ownerDesignName>Exp_5</ownerDesignName>
<importedID>8F5BF3EC-F205-3799-A397-8BAB16E33C91</importedID>
<use>0</use>
<logicalDatatype>LOGDT024</logicalDatatype>
<domain>40FF2413-FD81-22D3-1DEB-705E0C3D8B67</domain>
<ownDataTypeParameters>,,</ownDataTypeParameters>
<autoIncrementCycle>false</autoIncrementCycle>
</Column>
<Column name="nombre" id="5F5091BB-20D4-4A9E-5337-7302B373B9F0">
<sourceDDLFile>centro_medico_san_rafael.sql</sourceDDLFile>
<createdBy>benjaminclaros</createdBy>
<createdTime>2025-09-14 03:49:24 UTC</createdTime>
<ownerDesignName>Exp_5</ownerDesignName>
<importedID>48E62D5C-9836-3565-A58E-240384837960</importedID>
<use>0</use>
<logicalDatatype>LOGDT024</logicalDatatype>
<domain>CCB0DAB4-883A-1B66-004E-54F6BE39DD8F</domain>
<ownDataTypeParameters>,,</ownDataTypeParameters>
<autoIncrementCycle>false</autoIncrementCycle>
</Column>
</columns>
<indexes itemClass="oracle.dbtools.crest.model.design.relational.Index">
<ind_PK_UK id="FE7A7C32-3527-D7C1-D65D-CBF7A79CD21E" name="pk_region">
<sourceDDLFile>centro_medico_san_rafael.sql</sourceDDLFile>
<createdBy>benjaminclaros</createdBy>
<createdTime>2025-09-14 03:49:24 UTC</createdTime>
<ownerDesignName>Exp_5</ownerDesignName>
<importedID>E3911F80-EFD7-2972-759C-BA9255A11CA7</importedID>
<pk>true</pk>
<indexState>Primary Constraint</indexState>
<isSurrogateKey>false</isSurrogateKey>
<indexColumnUsage>
<colUsage columnID="94F62AF0-D73C-AF4F-5E13-4D4F563BB476"/>
</indexColumnUsage>
</ind_PK_UK>
</indexes>
</Table>