<?xml version = '1.0' encoding = 'UTF-8'?>
<Table class="oracle.dbtools.crest.model.design.relational.Table" directorySegmentName="seg_0" id="C8022E65-B0F9-6E7F-4B05-9F0DFD0951C0" name="MEDICO">
<sourceDDLFile>centro_medico_san_rafael.sql</sourceDDLFile>
<createdBy>benjaminclaros</createdBy>
<createdTime>2025-09-14 03:49:24 UTC</createdTime>
<ownerDesignName>Exp_5</ownerDesignName>
<importedID>E438B30A-1738-3538-12A6-65961150BB6C</importedID>
<useDDLTransformationScript>true</useDDLTransformationScript>
<allowColumnReorder>false</allowColumnReorder>
<existDependencyGenerateInDDl>true</existDependencyGenerateInDDl>
<parsed>true</parsed>
<columns itemClass="oracle.dbtools.crest.model.design.relational.Column">
<Column name="rut_medico" id="1C1DF2E7-0C7C-5FDD-79FD-2A09CCC3BB7D">
<sourceDDLFile>centro_medico_san_rafael.sql</sourceDDLFile>
<createdBy>benjaminclaros</createdBy>
<createdTime>2025-09-14 03:49:24 UTC</createdTime>
<ownerDesignName>Exp_5</ownerDesignName>
<importedID>C93910F8-9867-9019-7D73-AB65AD431D29</importedID>
<use>0</use>
<logicalDatatype>LOGDT024</logicalDatatype>
<domain>9EDD48DA-9CDD-E4FF-C2AB-23E16735493A</domain>
<ownDataTypeParameters>,,</ownDataTypeParameters>
<autoIncrementCycle>false</autoIncrementCycle>
</Column>
<Column name="nombre" id="8CC6E859-A17A-0B71-A8C9-AAB7ADA36A7D">
<sourceDDLFile>centro_medico_san_rafael.sql</sourceDDLFile>
<createdBy>benjaminclaros</createdBy>
<createdTime>2025-09-14 03:49:24 UTC</createdTime>
<ownerDesignName>Exp_5</ownerDesignName>
<importedID>1DC18084-D951-AB26-BC4E-ABD072CBB951</importedID>
<use>0</use>
<logicalDatatype>LOGDT024</logicalDatatype>
<domain>A896BB89-2306-4469-2E8E-6D46D86F7D4C</domain>
<ownDataTypeParameters>,,</ownDataTypeParameters>
<autoIncrementCycle>false</autoIncrementCycle>
</Column>
<Column name="fecha_ingreso" id="0365E0A9-4927-B81D-CCA5-756A0A9F3F66">
<sourceDDLFile>centro_medico_san_rafael.sql</sourceDDLFile>
<createdBy>benjaminclaros</createdBy>
<createdTime>2025-09-14 03:49:24 UTC</createdTime>
<ownerDesignName>Exp_5</ownerDesignName>
<importedID>5309534D-B0E9-5CE6-2133-BA232EF96778</importedID>
<use>0</use>
<logicalDatatype>LOGDT007</logicalDatatype>
<domain>0A7AEDBD-EC1A-E151-9D0C-98400E174F6D</domain>
<ownDataTypeParameters>,,</ownDataTypeParameters>
<autoIncrementCycle>false</autoIncrementCycle>
</Column>
<Column name="cod_especialidad" id="59FCDB1F-FC48-BCCA-7234-90DF2EB01790">
<sourceDDLFile>centro_medico_san_rafael.sql</sourceDDLFile>
<createdBy>benjaminclaros</createdBy>
<createdTime>2025-09-14 03:49:24 UTC</createdTime>
<ownerDesignName>Exp_5</ownerDesignName>
<importedID>93AE2850-CD8E-8703-3D69-EFF2E995F0C3</importedID>
<use>0</use>
<logicalDatatype>LOGDT024</logicalDatatype>
<domain>40FF2413-FD81-22D3-1DEB-705E0C3D8B67</domain>
<ownDataTypeParameters>,,</ownDataTypeParameters>
<autoIncrementCycle>false</autoIncrementCycle>
<associations>
<colAssociation fkAssociation="84B74F6B-C3ED-200B-ADCB-301BC72E989F" referredColumn="F0E48766-F051-FA2A-A15B-3508A548B09F"/>
</associations>
</Column>
<Column name="cod_afp" id="88A6C684-A38D-F48F-A49F-04CE98357E7C">
<sourceDDLFile>centro_medico_san_rafael.sql</sourceDDLFile>
<createdBy>benjaminclaros</createdBy>
<createdTime>2025-09-14 03:49:24 UTC</createdTime>
<ownerDesignName>Exp_5</ownerDesignName>
<importedID>46FE3BC5-A521-2A6C-BB96-6232D856E2D9</importedID>
<nullsAllowed>true</nullsAllowed>
<use>0</use>
<logicalDatatype>LOGDT024</logicalDatatype>
<domain>40FF2413-FD81-22D3-1DEB-705E0C3D8B67</domain>
<ownDataTypeParameters>,,</ownDataTypeParameters>
<autoIncrementCycle>false</autoIncrementCycle>
<associations>
<colAssociation fkAssociation="7FA26FC7-4DEA-745B-A39D-F82BB1202E58" referredColumn="A42BB1C4-0C43-270B-7AC0-23F80A01BEBC"/>
</associations>
</Column>
<Column name="cod_inst" id="05666E96-D7F8-9497-1A34-A078DE2B3868">
<sourceDDLFile>centro_medico_san_rafael.sql</sourceDDLFile>
<createdBy>benjaminclaros</createdBy>
<createdTime>2025-09-14 03:49:24 UTC</createdTime>
<ownerDesignName>Exp_5</ownerDesignName>
<importedID>1D59F70C-DD73-7EE2-D8E0-9794B7E62054</importedID>
<nullsAllowed>true</nullsAllowed>
<use>0</use>
<logicalDatatype>LOGDT024</logicalDatatype>
<domain>40FF2413-FD81-22D3-1DEB-705E0C3D8B67</domain>
<ownDataTypeParameters>,,</ownDataTypeParameters>
<autoIncrementCycle>false</autoIncrementCycle>
<associations>
<colAssociation fkAssociation="A10894D1-99E4-7220-E2E2-E8A425BC41DE" referredColumn="51B306E3-809F-C603-DC99-513A1552B9F1"/>
</associations>
</Column>
<Column name="cod_unidad" id="72DC036B-A0DF-B079-C970-A452754F6BE7">
<sourceDDLFile>centro_medico_san_rafael.sql</sourceDDLFile>
<createdBy>benjaminclaros</createdBy>
<createdTime>2025-09-14 03:49:24 UTC</createdTime>
<ownerDesignName>Exp_5</ownerDesignName>
<importedID>D9F381C0-2A4B-C28A-6ECD-56C6E685247E</importedID>
<use>0</use>
<logicalDatatype>LOGDT024</logicalDatatype>
<domain>40FF2413-FD81-22D3-1DEB-705E0C3D8B67</domain>
<ownDataTypeParameters>,,</ownDataTypeParameters>
<autoIncrementCycle>false</autoIncrementCycle>
<associations>
<colAssociation fkAssociation="099E62E8-872D-7FD0-5423-FEB32723F033" referredColumn="573888AC-E44D-2A9F-ADF0-CBE4821E9565"/>
</associations>
</Column>
<Column name="supervisor_rut" id="6A06E30E-D13E-8830-74F1-BAA36BB842AB">
<sourceDDLFile>centro_medico_san_rafael.sql</sourceDDLFile>
<createdBy>benjaminclaros</createdBy>
<createdTime>2025-09-14 03:49:24 UTC</createdTime>
<ownerDesignName>Exp_5</ownerDesignName>
<importedID>513E061A-53CF-B0F7-21BD-792774D34912</importedID>
<nullsAllowed>true</nullsAllowed>
<use>0</use>
<logicalDatatype>LOGDT024</logicalDatatype>
<domain>9EDD48DA-9CDD-E4FF-C2AB-23E16735493A</domain>
<ownDataTypeParameters>,,</ownDataTypeParameters>
<autoIncrementCycle>false</autoIncrementCycle>
<associations>
<colAssociation fkAssociation="0D6454EE-E707-4212-BDCB-30180FF4D1CC" referredColumn="1C1DF2E7-0C7C-5FDD-79FD-2A09CCC3BB7D"/>
</associations>
</Column>
</columns>
<indexes itemClass="oracle.dbtools.crest.model.design.relational.Index">
<ind_PK_UK id="EBD3A3AE-10AB-338D-DA17-8CC781C2F6BE" name="pk_medico">
<sourceDDLFile>centro_medico_san_rafael.sql</sourceDDLFile>
<createdBy>benjaminclaros</createdBy>
<createdTime>2025-09-14 03:49:24 UTC</createdTime>
<ownerDesignName>Exp_5</ownerDesignName>
<importedID>CD07B86F-EE1F-51D8-09E6-EDA6A2785BBB</importedID>
<pk>true</pk>
<indexState>Primary Constraint</indexState>
<isSurrogateKey>false</isSurrogateKey>
<indexColumnUsage>
<colUsage columnID="1C1DF2E7-0C7C-5FDD-79FD-2A09CCC3BB7D"/>
</indexColumnUsage>
</ind_PK_UK>
<ind_PK_UK id="40EF9299-31DD-30AB-7B6C-E91926A924A1" name="idx_medico_especialidad">
<sourceDDLFile>centro_medico_san_rafael.sql</sourceDDLFile>
<createdBy>benjaminclaros</createdBy>
<createdTime>2025-09-14 03:49:24 UTC</createdTime>
<ownerDesignName>Exp_5</ownerDesignName>
<importedID>C157D186-29FA-0E20-67BB-6EAFB9FD0A5C</importedID>
<isSurrogateKey>false</isSurrogateKey>
<indexColumnUsage>
<colUsage columnID="59FCDB1F-FC48-BCCA-7234-90DF2EB01790"/>
</indexColumnUsage>
</ind_PK_UK>
<ind_PK_UK id="D80A20D5-B952-99F2-6D0E-9A3FE35DF222" name="fk_medico_afp">
<createdBy>benjaminclaros</createdBy>
<createdTime>2025-09-14 03:49:24 UTC</createdTime>
<ownerDesignName>Exp_5</ownerDesignName>
<indexState>Foreign Key</indexState>
<isSurrogateKey>false</isSurrogateKey>
<indexColumnUsage>
<colUsage columnID="88A6C684-A38D-F48F-A49F-04CE98357E7C"/>
</indexColumnUsage>
</ind_PK_UK>
<ind_PK_UK id="19DFBDB8-C5FE-0711-9996-9DB05C0FF133" name="fk_medico_especialidad">
<createdBy>benjaminclaros</createdBy>
<createdTime>2025-09-14 03:49:24 UTC</createdTime>
<ownerDesignName>Exp_5</ownerDesignName>
<indexState>Foreign Key</indexState>
<isSurrogateKey>false</isSurrogateKey>
<indexColumnUsage>
<colUsage columnID="59FCDB1F-FC48-BCCA-7234-90DF2EB01790"/>
</indexColumnUsage>
</ind_PK_UK>
<ind_PK_UK id="095C402E-810F-1E91-5DA1-1A23401061A4" name="fk_medico_inst">
<createdBy>benjaminclaros</createdBy>
<createdTime>2025-09-14 03:49:24 UTC</createdTime>
<ownerDesignName>Exp_5</ownerDesignName>
<indexState>Foreign Key</indexState>
<isSurrogateKey>false</isSurrogateKey>
<indexColumnUsage>
<colUsage columnID="05666E96-D7F8-9497-1A34-A078DE2B3868"/>
</indexColumnUsage>
</ind_PK_UK>
<ind_PK_UK id="9C851A44-9F73-C5B6-5997-C9A727992F96" name="fk_medico_supervisor">
<createdBy>benjaminclaros</createdBy>
<createdTime>2025-09-14 03:49:24 UTC</createdTime>
<ownerDesignName>Exp_5</ownerDesignName>
<indexState>Foreign Key</indexState>
<isSurrogateKey>false</isSurrogateKey>
<indexColumnUsage>
<colUsage columnID="6A06E30E-D13E-8830-74F1-BAA36BB842AB"/>
</indexColumnUsage>
</ind_PK_UK>
<ind_PK_UK id="D75B7D34-A1A2-60D2-31BC-8D9CFA86421C" name="fk_medico_unidad">
<createdBy>benjaminclaros</createdBy>
<createdTime>2025-09-14 03:49:24 UTC</createdTime>
<ownerDesignName>Exp_5</ownerDesignName>
<indexState>Foreign Key</indexState>
<isSurrogateKey>false</isSurrogateKey>
<indexColumnUsage>
<colUsage columnID="72DC036B-A0DF-B079-C970-A452754F6BE7"/>
</indexColumnUsage>
</ind_PK_UK>
</indexes>
</Table>