<?xml version = '1.0' encoding = 'UTF-8'?>
<Diagram class="oracle.dbtools.crest.swingui.relational.DPVRelational" name="Relational_1" id="10FB1B20-1FDA-6DCC-D633-703BD01382FA">
<createdBy>benjaminclaros</createdBy>
<modifiedBy>benjaminclaros</modifiedBy>
<createdTime>2025-09-14 03:49:24 UTC</createdTime>
<autoRoute>false</autoRoute>
<boxInbox>true</boxInbox>
<showLegend>false</showLegend>
<showLabels>false</showLabels>
<showRelAttributes>false</showRelAttributes>
<gridEnabled>false</gridEnabled>
<showGrid>false</showGrid>
<diagramColor>-1</diagramColor>
<display>false</display>
<notation>1</notation>
<objectViews>
<OView class="oracle.dbtools.crest.swingui.relational.TVTable" oid="1D10023D-99A9-EAA0-6B48-B46AB776DC13" otype="Table" vid="B208A41B-BBF2-E2BB-0C46-A86E165608DE">
<hideElementsInCurrentOnly>false</hideElementsInCurrentOnly>
<bounds x="658" y="1141" width="199" height="102"/>
</OView>
<OView class="oracle.dbtools.crest.swingui.relational.TVTable" oid="1FF1FD2C-72CA-CF14-B3AB-E10ABEA9E961" otype="Table" vid="104481C8-5BEA-07DA-4BD8-3623204D13DE">
<hideElementsInCurrentOnly>false</hideElementsInCurrentOnly>
<bounds x="396" y="830" width="181" height="83"/>
</OView>
<OView class="oracle.dbtools.crest.swingui.relational.TVTable" oid="28684BBF-393E-44C6-C349-7922B6946498" otype="Table" vid="0862DFC7-446C-34C9-ECDB-4C666FD24608">
<hideElementsInCurrentOnly>false</hideElementsInCurrentOnly>
<bounds x="21" y="830" width="194" height="70"/>
</OView>
<OView class="oracle.dbtools.crest.swingui.relational.TVTable" oid="2F42204B-8514-0D4E-5B5C-2F9B657BCEB4" otype="Table" vid="031455D5-7A6D-5E82-6452-B44621AD5191">
<hideElementsInCurrentOnly>false</hideElementsInCurrentOnly>
<bounds x="658" y="882" width="225" height="199"/>
</OView>
<OView class="oracle.dbtools.crest.swingui.relational.TVTable" oid="3D0A74CB-1CC3-4C08-D85F-ED0BB3AC3E97" otype="Table" vid="A5D3F6D8-7BC9-2467-AA86-804EFC5FE3BB">
<hideElementsInCurrentOnly>false</hideElementsInCurrentOnly>
<bounds x="657" y="532" width="214" height="290"/>
</OView>
<OView class="oracle.dbtools.crest.swingui.relational.TVTable" oid="43459750-CA59-87E9-7DBA-5AB5CB04D3A1" otype="Table" vid="CFF76935-4FAF-51A9-8450-C2566F3899DD">
<hideElementsInCurrentOnly>false</hideElementsInCurrentOnly>
<bounds x="358" y="1056" width="218" height="154"/>
</OView>
<OView class="oracle.dbtools.crest.swingui.relational.TVTable" oid="4D873452-336D-6A89-85F3-A84F1872B3E9" otype="Table" vid="7C151A64-F153-9F09-EBD7-B117B3CF0CB6">
<hideElementsInCurrentOnly>false</hideElementsInCurrentOnly>
<bounds x="350" y="260" width="220" height="96"/>
</OView>
<OView class="oracle.dbtools.crest.swingui.relational.TVTable" oid="66225075-57C4-49BF-5F21-10D7C0F3F121" otype="Table" vid="B48ECE0C-D324-77F9-9F38-D0A2111B8174">
<hideElementsInCurrentOnly>false</hideElementsInCurrentOnly>
<bounds x="20" y="20" width="223" height="180"/>
</OView>
<OView class="oracle.dbtools.crest.swingui.relational.TVTable" oid="8D2F3248-7EBE-3C84-9FAC-EADC29647930" otype="Table" vid="59BF125E-A44B-BAD9-1C4E-EBFC9F124138">
<hideElementsInCurrentOnly>false</hideElementsInCurrentOnly>
<bounds x="20" y="260" width="250" height="212"/>
</OView>
<OView class="oracle.dbtools.crest.swingui.relational.TVTable" oid="A442FEF1-968D-8F5D-4D7A-E35EEAFF2F46" otype="Table" vid="A9CBD164-61FC-30B3-B97F-1256EA6228C0">
<hideElementsInCurrentOnly>false</hideElementsInCurrentOnly>
<bounds x="658" y="1303" width="192" height="70"/>
</OView>
<OView class="oracle.dbtools.crest.swingui.relational.TVTable" oid="B2853080-C57B-D914-B7F0-CF72C7337F5C" otype="Table" vid="A9F677D9-1F08-D9A2-C4A6-B8396D3F2898">
<hideElementsInCurrentOnly>false</hideElementsInCurrentOnly>
<bounds x="348" y="532" width="177" height="70"/>
</OView>
<OView class="oracle.dbtools.crest.swingui.relational.TVTable" oid="C157D7FB-485D-5758-3B40-2751A875DFC1" otype="Table" vid="49C813D6-6B84-61BD-E10E-591D76893C3E">
<hideElementsInCurrentOnly>false</hideElementsInCurrentOnly>
<bounds x="348" y="622" width="222" height="70"/>
</OView>
<OView class="oracle.dbtools.crest.swingui.relational.TVTable" oid="C8022E65-B0F9-6E7F-4B05-9F0DFD0951C0" otype="Table" vid="18EF9A2B-CE92-1251-B7E3-9E6F8699C170">
<hideElementsInCurrentOnly>false</hideElementsInCurrentOnly>
<bounds x="20" y="532" width="248" height="238"/>
</OView>
</objectViews>
<connectors>
<Connector class="oracle.dbtools.crest.swingui.relational.TVFKRelation" oid="099E62E8-872D-7FD0-5423-FEB32723F033" otype="FKIndexAssociation" vid_source="0862DFC7-446C-34C9-ECDB-4C666FD24608" vid_target="18EF9A2B-CE92-1251-B7E3-9E6F8699C170">
<hideElementsInCurrentOnly>false</hideElementsInCurrentOnly>
<backgroundColor>-16777216</backgroundColor>
<lineWidth>1</lineWidth>
<points>
<point x="118" y="830"/>
<point x="118" y="770"/>
</points>
</Connector>
<Connector class="oracle.dbtools.crest.swingui.relational.TVFKRelation" oid="0D6454EE-E707-4212-BDCB-30180FF4D1CC" otype="FKIndexAssociation" vid_source="18EF9A2B-CE92-1251-B7E3-9E6F8699C170" vid_target="18EF9A2B-CE92-1251-B7E3-9E6F8699C170">
<hideElementsInCurrentOnly>false</hideElementsInCurrentOnly>
<backgroundColor>-16777216</backgroundColor>
<lineWidth>1</lineWidth>
<points>
<point x="268" y="672"/>
<point x="318" y="672"/>
<point x="318" y="820"/>
<point x="165" y="820"/>
<point x="165" y="770"/>
</points>
</Connector>
<Connector class="oracle.dbtools.crest.swingui.relational.TVFKRelation" oid="1AFC5330-26AD-D29E-ED9A-83442EBC1E59" otype="FKIndexAssociation" vid_source="A9CBD164-61FC-30B3-B97F-1256EA6228C0" vid_target="B208A41B-BBF2-E2BB-0C46-A86E165608DE">
<hideElementsInCurrentOnly>false</hideElementsInCurrentOnly>
<backgroundColor>-16777216</backgroundColor>
<lineWidth>1</lineWidth>
<points>
<point x="754" y="1303"/>
<point x="754" y="1243"/>
</points>
</Connector>
<Connector class="oracle.dbtools.crest.swingui.relational.TVFKRelation" oid="320164D6-2558-ED2D-2138-48A7FB80D0CE" otype="FKIndexAssociation" vid_source="A5D3F6D8-7BC9-2467-AA86-804EFC5FE3BB" vid_target="CFF76935-4FAF-51A9-8450-C2566F3899DD">
<hideElementsInCurrentOnly>false</hideElementsInCurrentOnly>
<backgroundColor>-16777216</backgroundColor>
<lineWidth>1</lineWidth>
<points>
<point x="669" y="822"/>
<point x="517" y="1056"/>
</points>
</Connector>
<Connector class="oracle.dbtools.crest.swingui.relational.TVFKRelation" oid="4BFAE27F-779F-7933-FE98-A22514E5B005" otype="FKIndexAssociation" vid_source="7C151A64-F153-9F09-EBD7-B117B3CF0CB6" vid_target="59BF125E-A44B-BAD9-1C4E-EBFC9F124138">
<hideElementsInCurrentOnly>false</hideElementsInCurrentOnly>
<backgroundColor>-16777216</backgroundColor>
<lineWidth>1</lineWidth>
<points>
<point x="350" y="308"/>
<point x="270" y="308"/>
</points>
</Connector>
<Connector class="oracle.dbtools.crest.swingui.relational.TVFKRelation" oid="5049CB73-8C56-3752-C441-F3471AE126BE" otype="FKIndexAssociation" vid_source="18EF9A2B-CE92-1251-B7E3-9E6F8699C170" vid_target="A5D3F6D8-7BC9-2467-AA86-804EFC5FE3BB">
<hideElementsInCurrentOnly>false</hideElementsInCurrentOnly>
<backgroundColor>-16777216</backgroundColor>
<lineWidth>1</lineWidth>
<points>
<point x="268" y="666"/>
<point x="657" y="666"/>
</points>
</Connector>
<Connector class="oracle.dbtools.crest.swingui.relational.TVFKRelation" oid="7FA26FC7-4DEA-745B-A39D-F82BB1202E58" otype="FKIndexAssociation" vid_source="A9F677D9-1F08-D9A2-C4A6-B8396D3F2898" vid_target="18EF9A2B-CE92-1251-B7E3-9E6F8699C170">
<hideElementsInCurrentOnly>false</hideElementsInCurrentOnly>
<backgroundColor>-16777216</backgroundColor>
<lineWidth>1</lineWidth>
<points>
<point x="348" y="582"/>
<point x="268" y="582"/>
</points>
</Connector>
<Connector class="oracle.dbtools.crest.swingui.relational.TVFKRelation" oid="84B74F6B-C3ED-200B-ADCB-301BC72E989F" otype="FKIndexAssociation" vid_source="49C813D6-6B84-61BD-E10E-591D76893C3E" vid_target="18EF9A2B-CE92-1251-B7E3-9E6F8699C170">
<hideElementsInCurrentOnly>false</hideElementsInCurrentOnly>
<backgroundColor>-16777216</backgroundColor>
<lineWidth>1</lineWidth>
<points>
<point x="348" y="627"/>
<point x="268" y="627"/>
</points>
</Connector>
<Connector class="oracle.dbtools.crest.swingui.relational.TVFKRelation" oid="A10894D1-99E4-7220-E2E2-E8A425BC41DE" otype="FKIndexAssociation" vid_source="104481C8-5BEA-07DA-4BD8-3623204D13DE" vid_target="18EF9A2B-CE92-1251-B7E3-9E6F8699C170">
<hideElementsInCurrentOnly>false</hideElementsInCurrentOnly>
<backgroundColor>-16777216</backgroundColor>
<lineWidth>1</lineWidth>
<points>
<point x="422" y="830"/>
<point x="268" y="730"/>
</points>
</Connector>
<Connector class="oracle.dbtools.crest.swingui.relational.TVFKRelation" oid="A9D59AEB-AEA4-0AFF-EF2F-FC79326DB4DA" otype="FKIndexAssociation" vid_source="A5D3F6D8-7BC9-2467-AA86-804EFC5FE3BB" vid_target="59BF125E-A44B-BAD9-1C4E-EBFC9F124138">
<hideElementsInCurrentOnly>false</hideElementsInCurrentOnly>
<backgroundColor>-16777216</backgroundColor>
<lineWidth>1</lineWidth>
<points>
<point x="657" y="623"/>
<point x="270" y="428"/>
</points>
</Connector>
<Connector class="oracle.dbtools.crest.swingui.relational.TVFKRelation" oid="AEC1B396-5BCE-8898-2EF4-8D082F3DF23B" otype="FKIndexAssociation" vid_source="59BF125E-A44B-BAD9-1C4E-EBFC9F124138" vid_target="B48ECE0C-D324-77F9-9F38-D0A2111B8174">
<hideElementsInCurrentOnly>false</hideElementsInCurrentOnly>
<backgroundColor>-16777216</backgroundColor>
<lineWidth>1</lineWidth>
<points>
<point x="131" y="260"/>
<point x="131" y="200"/>
</points>
</Connector>
<Connector class="oracle.dbtools.crest.swingui.relational.TVFKRelation" oid="B484DD26-6B00-E4B2-BA72-536C15E6BB00" otype="FKIndexAssociation" vid_source="18EF9A2B-CE92-1251-B7E3-9E6F8699C170" vid_target="59BF125E-A44B-BAD9-1C4E-EBFC9F124138">
<hideElementsInCurrentOnly>false</hideElementsInCurrentOnly>
<backgroundColor>-16777216</backgroundColor>
<lineWidth>1</lineWidth>
<points>
<point x="144" y="532"/>
<point x="144" y="472"/>
</points>
</Connector>
<Connector class="oracle.dbtools.crest.swingui.relational.TVFKRelation" oid="E6CC4C59-AD72-C3B9-18D3-DB779312E56E" otype="FKIndexAssociation" vid_source="0862DFC7-446C-34C9-ECDB-4C666FD24608" vid_target="A5D3F6D8-7BC9-2467-AA86-804EFC5FE3BB">
<hideElementsInCurrentOnly>false</hideElementsInCurrentOnly>
<backgroundColor>-16777216</backgroundColor>
<lineWidth>1</lineWidth>
<points>
<point x="215" y="836"/>
<point x="657" y="603"/>
</points>
</Connector>
<Connector class="oracle.dbtools.crest.swingui.relational.TVFKRelation" oid="E741D3D9-AD1A-446B-4A6B-3FB8635C0A1B" otype="FKIndexAssociation" vid_source="031455D5-7A6D-5E82-6452-B44621AD5191" vid_target="A5D3F6D8-7BC9-2467-AA86-804EFC5FE3BB">
<hideElementsInCurrentOnly>false</hideElementsInCurrentOnly>
<backgroundColor>-16777216</backgroundColor>
<lineWidth>1</lineWidth>
<points>
<point x="764" y="882"/>
<point x="764" y="822"/>
</points>
</Connector>
<Connector class="oracle.dbtools.crest.swingui.relational.TVFKRelation" oid="E8C3BA37-9FB3-728D-4EAF-94FE8DC2807E" otype="FKIndexAssociation" vid_source="B208A41B-BBF2-E2BB-0C46-A86E165608DE" vid_target="031455D5-7A6D-5E82-6452-B44621AD5191">
<hideElementsInCurrentOnly>false</hideElementsInCurrentOnly>
<backgroundColor>-16777216</backgroundColor>
<lineWidth>1</lineWidth>
<points>
<point x="757" y="1141"/>
<point x="757" y="1081"/>
</points>
</Connector>
</connectors>
</Diagram>