<?xml version = '1.0' encoding = 'UTF-8'?>
<Relation class="oracle.dbtools.crest.model.design.logical.Relation" name="fk_solicitud_examen" directorySegmentName="seg_0" id="4219B9C8-06F3-DB9B-F774-EC693E9699BC">
<createdBy>benjaminclaros</createdBy>
<createdTime>2025-09-14 03:51:23 UTC</createdTime>
<generatorID>4BFAE27F-779F-7933-FE98-A22514E5B005</generatorID>
<ownerDesignName>Exp_5</ownerDesignName>
<engineerTo>
<item key="072AFDF8-1655-9ED8-9354-6D05F61BD54A" value="true"/>
</engineerTo>
<sourcePk>2D57F551-C4BC-DC5F-9AB2-FFB09F5B8B6D</sourcePk>
<identifying>false</identifying>
<optionalSource>true</optionalSource>
<optionalTarget>false</optionalTarget>
<sourceCardinality>1</sourceCardinality>
<sourceEntity>D50E81C6-92A2-FA45-0ED2-576DBD6F21C3</sourceEntity>
<targetCardinalityString>*</targetCardinalityString>
<targetEntity>DF1383B8-6601-6DD2-9DA2-7EB1CE0E9340</targetEntity>
<transferable>true</transferable>
<deleteRule>NO ACTION</deleteRule>
</Relation>