<?xml version = '1.0' encoding = 'UTF-8'?>
<Relation class="oracle.dbtools.crest.model.design.logical.Relation" name="fk_paciente_comuna" directorySegmentName="seg_0" id="4385A932-79ED-D06D-0702-CEFA550E8930">
<createdBy>benjaminclaros</createdBy>
<createdTime>2025-09-14 03:51:23 UTC</createdTime>
<generatorID>E8C3BA37-9FB3-728D-4EAF-94FE8DC2807E</generatorID>
<ownerDesignName>Exp_5</ownerDesignName>
<engineerTo>
<item key="072AFDF8-1655-9ED8-9354-6D05F61BD54A" value="true"/>
</engineerTo>
<sourcePk>E90F7018-414E-D8BB-F890-D867840B685E</sourcePk>
<identifying>false</identifying>
<optionalSource>true</optionalSource>
<optionalTarget>false</optionalTarget>
<sourceCardinality>1</sourceCardinality>
<sourceEntity>5D5A9EF7-D91F-E10A-BCA7-1E423820C597</sourceEntity>
<targetCardinalityString>*</targetCardinalityString>
<targetEntity>E24AFF0F-D697-304C-6644-AE164F29241A</targetEntity>
<transferable>true</transferable>
<deleteRule>NO ACTION</deleteRule>
</Relation>