<?xml version = '1.0' encoding = 'UTF-8'?>
<Relation class="oracle.dbtools.crest.model.design.logical.Relation" name="fk_medico_inst" directorySegmentName="seg_0" id="4ED37AB3-1A0D-0952-707E-AEC4110D6EC6">
<createdBy>benjaminclaros</createdBy>
<createdTime>2025-09-14 03:51:23 UTC</createdTime>
<generatorID>A10894D1-99E4-7220-E2E2-E8A425BC41DE</generatorID>
<ownerDesignName>Exp_5</ownerDesignName>
<engineerTo>
<item key="072AFDF8-1655-9ED8-9354-6D05F61BD54A" value="true"/>
</engineerTo>
<sourcePk>FD0BAEA2-5E4E-EEF0-4A44-FBB66C8718A8</sourcePk>
<identifying>false</identifying>
<optionalSource>true</optionalSource>
<optionalTarget>true</optionalTarget>
<sourceCardinality>1</sourceCardinality>
<sourceEntity>282D1FEB-A605-0AF5-E066-315951883F39</sourceEntity>
<targetCardinalityString>*</targetCardinalityString>
<targetEntity>660245BB-7D7A-C1B8-D3E1-D3A9B3E550DD</targetEntity>
<transferable>true</transferable>
<deleteRule>SET NULL</deleteRule>
</Relation>