<?xml version = '1.0' encoding = 'UTF-8'?>
<Relation class="oracle.dbtools.crest.model.design.logical.Relation" name="fk_comuna_region" directorySegmentName="seg_0" id="6A15370A-12EE-7F87-58EC-2CBAB16FAA73">
<createdBy>benjaminclaros</createdBy>
<createdTime>2025-09-14 03:51:23 UTC</createdTime>
<generatorID>1AFC5330-26AD-D29E-ED9A-83442EBC1E59</generatorID>
<ownerDesignName>Exp_5</ownerDesignName>
<engineerTo>
<item key="072AFDF8-1655-9ED8-9354-6D05F61BD54A" value="true"/>
</engineerTo>
<sourcePk>E741AFBC-666D-C93F-39CA-5DAFAF4B47A6</sourcePk>
<identifying>false</identifying>
<optionalSource>true</optionalSource>
<optionalTarget>false</optionalTarget>
<sourceCardinality>1</sourceCardinality>
<sourceEntity>0D71C4D3-D4E0-9EA3-E05A-520DADDCCCD7</sourceEntity>
<targetCardinalityString>*</targetCardinalityString>
<targetEntity>5D5A9EF7-D91F-E10A-BCA7-1E423820C597</targetEntity>
<transferable>true</transferable>
<deleteRule>NO ACTION</deleteRule>
</Relation>