<?xml version = '1.0' encoding = 'UTF-8'?>
<Relation class="oracle.dbtools.crest.model.design.logical.Relation" name="fk_atencion_paciente" directorySegmentName="seg_0" id="78023185-A4B5-378A-C349-7859D11A7DB8">
<createdBy>benjaminclaros</createdBy>
<createdTime>2025-09-14 03:51:23 UTC</createdTime>
<generatorID>E741D3D9-AD1A-446B-4A6B-3FB8635C0A1B</generatorID>
<ownerDesignName>Exp_5</ownerDesignName>
<engineerTo>
<item key="072AFDF8-1655-9ED8-9354-6D05F61BD54A" value="true"/>
</engineerTo>
<sourcePk>7DA699BD-C75C-7B39-1C5F-9955D71EA448</sourcePk>
<identifying>false</identifying>
<optionalSource>true</optionalSource>
<optionalTarget>false</optionalTarget>
<sourceCardinality>1</sourceCardinality>
<sourceEntity>E24AFF0F-D697-304C-6644-AE164F29241A</sourceEntity>
<targetCardinalityString>*</targetCardinalityString>
<targetEntity>C204D94B-A1EB-66FC-ACD0-7A21392223B1</targetEntity>
<transferable>true</transferable>
<deleteRule>NO ACTION</deleteRule>
</Relation>