<?xml version = '1.0' encoding = 'UTF-8'?>
<Relation class="oracle.dbtools.crest.model.design.logical.Relation" name="fk_atencion_medico" directorySegmentName="seg_0" id="838A4BF7-FFEE-90BF-04C6-34BAF299DCC1">
<createdBy>benjaminclaros</createdBy>
<createdTime>2025-09-14 03:51:23 UTC</createdTime>
<generatorID>5049CB73-8C56-3752-C441-F3471AE126BE</generatorID>
<ownerDesignName>Exp_5</ownerDesignName>
<engineerTo>
<item key="072AFDF8-1655-9ED8-9354-6D05F61BD54A" value="true"/>
</engineerTo>
<sourcePk>D093608E-8307-7CC1-138D-4FFFA8C7CA94</sourcePk>
<identifying>false</identifying>
<optionalSource>true</optionalSource>
<optionalTarget>false</optionalTarget>
<sourceCardinality>1</sourceCardinality>
<sourceEntity>660245BB-7D7A-C1B8-D3E1-D3A9B3E550DD</sourceEntity>
<targetCardinalityString>*</targetCardinalityString>
<targetEntity>C204D94B-A1EB-66FC-ACD0-7A21392223B1</targetEntity>
<transferable>true</transferable>
<deleteRule>NO ACTION</deleteRule>
</Relation>