<?xml version = '1.0' encoding = 'UTF-8'?>
<Relation class="oracle.dbtools.crest.model.design.logical.Relation" name="fk_medico_unidad" directorySegmentName="seg_0" id="B84A2536-AFAA-D5E8-2609-6982519F87E4">
<createdBy>benjaminclaros</createdBy>
<createdTime>2025-09-14 03:51:23 UTC</createdTime>
<generatorID>099E62E8-872D-7FD0-5423-FEB32723F033</generatorID>
<ownerDesignName>Exp_5</ownerDesignName>
<engineerTo>
<item key="072AFDF8-1655-9ED8-9354-6D05F61BD54A" value="true"/>
</engineerTo>
<sourcePk>6CB600EA-6736-EAA7-90F7-CF3CF8681173</sourcePk>
<identifying>false</identifying>
<optionalSource>true</optionalSource>
<optionalTarget>false</optionalTarget>
<sourceCardinality>1</sourceCardinality>
<sourceEntity>B355F154-87A2-CA4E-F03C-F5ACCC163D71</sourceEntity>
<targetCardinalityString>*</targetCardinalityString>
<targetEntity>660245BB-7D7A-C1B8-D3E1-D3A9B3E550DD</targetEntity>
<transferable>true</transferable>
<deleteRule>NO ACTION</deleteRule>
</Relation>