<?xml version = '1.0' encoding = 'UTF-8'?>
<Relation class="oracle.dbtools.crest.model.design.logical.Relation" name="fk_pago_atencion" directorySegmentName="seg_0" id="D10BAF82-DAB3-41FF-B75E-F5493D7C6334">
<createdBy>benjaminclaros</createdBy>
<createdTime>2025-09-14 03:51:23 UTC</createdTime>
<generatorID>320164D6-2558-ED2D-2138-48A7FB80D0CE</generatorID>
<ownerDesignName>Exp_5</ownerDesignName>
<engineerTo>
<item key="072AFDF8-1655-9ED8-9354-6D05F61BD54A" value="true"/>
</engineerTo>
<sourcePk>A039E69D-1A29-A87F-828B-3C83DFB4EBFE</sourcePk>
<dominantRole>C204D94B-A1EB-66FC-ACD0-7A21392223B1</dominantRole>
<identifying>false</identifying>
<optionalSource>false</optionalSource>
<optionalTarget>false</optionalTarget>
<sourceCardinality>1</sourceCardinality>
<sourceEntity>C204D94B-A1EB-66FC-ACD0-7A21392223B1</sourceEntity>
<targetCardinalityString>1</targetCardinalityString>
<targetEntity>FFC31B82-18F6-59C5-B635-A53388A78B1F</targetEntity>
<transferable>true</transferable>
<deleteRule>CASCADE</deleteRule>
</Relation>