<?xml version = '1.0' encoding = 'UTF-8'?>
<Relation class="oracle.dbtools.crest.model.design.logical.Relation" name="fk_medico_especialidad" directorySegmentName="seg_0" id="D2F729F3-5FC7-336F-CFD8-24320C06758D">
<createdBy>benjaminclaros</createdBy>
<createdTime>2025-09-14 03:51:23 UTC</createdTime>
<generatorID>84B74F6B-C3ED-200B-ADCB-301BC72E989F</generatorID>
<ownerDesignName>Exp_5</ownerDesignName>
<engineerTo>
<item key="072AFDF8-1655-9ED8-9354-6D05F61BD54A" value="true"/>
</engineerTo>
<sourcePk>3526F6AE-9FE5-E51D-B6BF-C856315EE39B</sourcePk>
<identifying>false</identifying>
<optionalSource>true</optionalSource>
<optionalTarget>false</optionalTarget>
<sourceCardinality>1</sourceCardinality>
<sourceEntity>41094787-EB39-8864-D2EE-69C35BF317F9</sourceEntity>
<targetCardinalityString>*</targetCardinalityString>
<targetEntity>660245BB-7D7A-C1B8-D3E1-D3A9B3E550DD</targetEntity>
<transferable>true</transferable>
<deleteRule>NO ACTION</deleteRule>
</Relation>