<?xml version = '1.0' encoding = 'UTF-8'?>
<Relation class="oracle.dbtools.crest.model.design.logical.Relation" name="fk_solicitud_medico" directorySegmentName="seg_0" id="D300B517-EB53-92AF-E1FA-B2CC74590A30">
<createdBy>benjaminclaros</createdBy>
<createdTime>2025-09-14 03:51:23 UTC</createdTime>
<generatorID>B484DD26-6B00-E4B2-BA72-536C15E6BB00</generatorID>
<ownerDesignName>Exp_5</ownerDesignName>
<engineerTo>
<item key="072AFDF8-1655-9ED8-9354-6D05F61BD54A" value="true"/>
</engineerTo>
<sourcePk>D093608E-8307-7CC1-138D-4FFFA8C7CA94</sourcePk>
<identifying>false</identifying>
<optionalSource>true</optionalSource>
<optionalTarget>false</optionalTarget>
<sourceCardinality>1</sourceCardinality>
<sourceEntity>660245BB-7D7A-C1B8-D3E1-D3A9B3E550DD</sourceEntity>
<targetCardinalityString>*</targetCardinalityString>
<targetEntity>DF1383B8-6601-6DD2-9DA2-7EB1CE0E9340</targetEntity>
<transferable>true</transferable>
<deleteRule>NO ACTION</deleteRule>
</Relation>