<?xml version = '1.0' encoding = 'UTF-8'?>
<Relation class="oracle.dbtools.crest.model.design.logical.Relation" name="fk_solicitud_atencion" directorySegmentName="seg_0" id="D83742EB-19EF-E9C4-3423-59F043C4D00C">
<createdBy>benjaminclaros</createdBy>
<createdTime>2025-09-14 03:51:23 UTC</createdTime>
<generatorID>A9D59AEB-AEA4-0AFF-EF2F-FC79326DB4DA</generatorID>
<ownerDesignName>Exp_5</ownerDesignName>
<engineerTo>
<item key="072AFDF8-1655-9ED8-9354-6D05F61BD54A" value="true"/>
</engineerTo>
<sourcePk>A039E69D-1A29-A87F-828B-3C83DFB4EBFE</sourcePk>
<identifying>false</identifying>
<optionalSource>false</optionalSource>
<optionalTarget>false</optionalTarget>
<sourceCardinality>1</sourceCardinality>
<sourceEntity>C204D94B-A1EB-66FC-ACD0-7A21392223B1</sourceEntity>
<targetCardinalityString>*</targetCardinalityString>
<targetEntity>DF1383B8-6601-6DD2-9DA2-7EB1CE0E9340</targetEntity>
<transferable>true</transferable>
<deleteRule>CASCADE</deleteRule>
</Relation>