<?xml version = '1.0' encoding = 'UTF-8'?>
<Relation class="oracle.dbtools.crest.model.design.logical.Relation" name="fk_atencion_unidad" directorySegmentName="seg_0" id="E310316A-0B0A-C718-D02E-A59418038E26">
<createdBy>benjaminclaros</createdBy>
<createdTime>2025-09-14 03:51:23 UTC</createdTime>
<generatorID>E6CC4C59-AD72-C3B9-18D3-DB779312E56E</generatorID>
<ownerDesignName>Exp_5</ownerDesignName>
<engineerTo>
<item key="072AFDF8-1655-9ED8-9354-6D05F61BD54A" value="true"/>
</engineerTo>
<sourcePk>6CB600EA-6736-EAA7-90F7-CF3CF8681173</sourcePk>
<identifying>false</identifying>
<optionalSource>true</optionalSource>
<optionalTarget>false</optionalTarget>
<sourceCardinality>1</sourceCardinality>
<sourceEntity>B355F154-87A2-CA4E-F03C-F5ACCC163D71</sourceEntity>
<targetCardinalityString>*</targetCardinalityString>
<targetEntity>C204D94B-A1EB-66FC-ACD0-7A21392223B1</targetEntity>
<transferable>true</transferable>
<deleteRule>NO ACTION</deleteRule>
</Relation>