<?xml version = '1.0' encoding = 'UTF-8'?>
<Relation class="oracle.dbtools.crest.model.design.logical.Relation" name="fk_medico_afp" directorySegmentName="seg_0" id="E46EFD49-9283-4B70-9C79-3EF5FA8CDCF6">
<createdBy>benjaminclaros</createdBy>
<createdTime>2025-09-14 03:51:23 UTC</createdTime>
<generatorID>7FA26FC7-4DEA-745B-A39D-F82BB1202E58</generatorID>
<ownerDesignName>Exp_5</ownerDesignName>
<engineerTo>
<item key="072AFDF8-1655-9ED8-9354-6D05F61BD54A" value="true"/>
</engineerTo>
<sourcePk>2833BE79-FE20-1DB0-5718-E8AFC97E261B</sourcePk>
<identifying>false</identifying>
<optionalSource>true</optionalSource>
<optionalTarget>true</optionalTarget>
<sourceCardinality>1</sourceCardinality>
<sourceEntity>D4154E9F-59F7-237A-9379-86C55A7DD214</sourceEntity>
<targetCardinalityString>*</targetCardinalityString>
<targetEntity>660245BB-7D7A-C1B8-D3E1-D3A9B3E550DD</targetEntity>
<transferable>true</transferable>
<deleteRule>SET NULL</deleteRule>
</Relation>