<?xml version = '1.0' encoding = 'UTF-8'?>
<Relation class="oracle.dbtools.crest.model.design.logical.Relation" name="fk_medico_supervisor" directorySegmentName="seg_0" id="EAB0A58E-A3D2-2D9C-B91C-74270D1720B3">
<createdBy>benjaminclaros</createdBy>
<createdTime>2025-09-14 03:51:23 UTC</createdTime>
<generatorID>0D6454EE-E707-4212-BDCB-30180FF4D1CC</generatorID>
<ownerDesignName>Exp_5</ownerDesignName>
<engineerTo>
<item key="072AFDF8-1655-9ED8-9354-6D05F61BD54A" value="true"/>
</engineerTo>
<targetPk>D093608E-8307-7CC1-138D-4FFFA8C7CA94</targetPk>
<identifying>false</identifying>
<optionalSource>true</optionalSource>
<optionalTarget>true</optionalTarget>
<sourceCardinality>1</sourceCardinality>
<sourceEntity>660245BB-7D7A-C1B8-D3E1-D3A9B3E550DD</sourceEntity>
<targetCardinalityString>*</targetCardinalityString>
<targetEntity>660245BB-7D7A-C1B8-D3E1-D3A9B3E550DD</targetEntity>
<transferable>true</transferable>
<deleteRule>SET NULL</deleteRule>
</Relation>