<?xml version = '1.0' encoding = 'UTF-8'?>
<Relation class="oracle.dbtools.crest.model.design.logical.Relation" name="fk_resultado_solicitud" directorySegmentName="seg_0" id="FD3201E5-587F-0966-E654-713F1CBC94CF">
<createdBy>benjaminclaros</createdBy>
<createdTime>2025-09-14 03:51:23 UTC</createdTime>
<generatorID>AEC1B396-5BCE-8898-2EF4-8D082F3DF23B</generatorID>
<ownerDesignName>Exp_5</ownerDesignName>
<engineerTo>
<item key="072AFDF8-1655-9ED8-9354-6D05F61BD54A" value="true"/>
</engineerTo>
<sourcePk>C19F0B2C-E757-8655-6070-3E01F813A793</sourcePk>
<dominantRole>DF1383B8-6601-6DD2-9DA2-7EB1CE0E9340</dominantRole>
<identifying>false</identifying>
<optionalSource>false</optionalSource>
<optionalTarget>false</optionalTarget>
<sourceCardinality>1</sourceCardinality>
<sourceEntity>DF1383B8-6601-6DD2-9DA2-7EB1CE0E9340</sourceEntity>
<targetCardinalityString>1</targetCardinalityString>
<targetEntity>3182AE9A-8961-30F9-D5A5-17D0A097A6D3</targetEntity>
<transferable>true</transferable>
<deleteRule>CASCADE</deleteRule>
</Relation>