<?xml version = '1.0' encoding = 'UTF-8'?>
<relationalModel class="oracle.dbtools.crest.model.design.relational.RelationalDesign" name="Relational_1" id="072AFDF8-1655-9ED8-9354-6D05F61BD54A" mainViewID="10FB1B20-1FDA-6DCC-D633-703BD01382FA">
<createdBy>benjaminclaros</createdBy>
<createdTime>2025-09-14 03:48:00 UTC</createdTime>
<ownerDesignName>Exp_5</ownerDesignName>
<shouldBeOpen>false</shouldBeOpen>
<selectedRDBMSSite>3FD120B5-9F4E-6278-D5E2-746D192C8319</selectedRDBMSSite>
<importDDLFileStamps>
<importDDLFileStamp class="oracle.dbtools.crest.imports.DDLFileStamp">
<fileName>centro_medico_san_rafael.sql</fileName>
<pathName>/Users/benjaminclaros/Downloads</pathName>
<dbType>11</dbType>
</importDDLFileStamp>
</importDDLFileStamps>
</relationalModel>