<?xml version = '1.0' encoding = 'UTF-8'?>
<Diagram class="oracle.dbtools.crest.swingui.logical.DPVLogical" name="Logical" id="6D8102E4-A31E-85C8-D033-D3D0707B0A75">
<createdBy>benjaminclaros</createdBy>
<modifiedBy>benjaminclaros</modifiedBy>
<createdTime>2025-09-14 03:51:23 UTC</createdTime>
<autoRoute>false</autoRoute>
<boxInbox>true</boxInbox>
<showLegend>false</showLegend>
<showLabels>false</showLabels>
<showRelAttributes>false</showRelAttributes>
<gridEnabled>false</gridEnabled>
<showGrid>false</showGrid>
<diagramColor>-1</diagramColor>
<display>false</display>
<notation>1</notation>
<objectViews>
<OView class="oracle.dbtools.crest.swingui.logical.TVEntity" oid="0D71C4D3-D4E0-9EA3-E05A-520DADDCCCD7" otype="Entity" vid="7518B921-9F58-B962-4E8D-ACAA2013CEAF">
<hideElementsInCurrentOnly>false</hideElementsInCurrentOnly>
<bounds x="658" y="1303" width="192" height="70"/>
</OView>
<OView class="oracle.dbtools.crest.swingui.logical.TVEntity" oid="282D1FEB-A605-0AF5-E066-315951883F39" otype="Entity" vid="4E699C87-E6D0-1377-2B4E-E06F7D5F17B7">
<hideElementsInCurrentOnly>false</hideElementsInCurrentOnly>
<bounds x="396" y="830" width="181" height="83"/>
</OView>
<OView class="oracle.dbtools.crest.swingui.logical.TVEntity" oid="3182AE9A-8961-30F9-D5A5-17D0A097A6D3" otype="Entity" vid="AF373FFD-350E-716A-F9A2-0B6A4F388339">
<hideElementsInCurrentOnly>false</hideElementsInCurrentOnly>
<bounds x="20" y="20" width="223" height="180"/>
</OView>
<OView class="oracle.dbtools.crest.swingui.logical.TVEntity" oid="41094787-EB39-8864-D2EE-69C35BF317F9" otype="Entity" vid="89880AE1-258D-3F0A-5A5F-B9686E4951CC">
<hideElementsInCurrentOnly>false</hideElementsInCurrentOnly>
<bounds x="348" y="622" width="222" height="70"/>
</OView>
<OView class="oracle.dbtools.crest.swingui.logical.TVEntity" oid="5D5A9EF7-D91F-E10A-BCA7-1E423820C597" otype="Entity" vid="C5D09D3B-3CC4-CDCF-B0CD-20535E0CEDD1">
<hideElementsInCurrentOnly>false</hideElementsInCurrentOnly>
<bounds x="658" y="1141" width="199" height="102"/>
</OView>
<OView class="oracle.dbtools.crest.swingui.logical.TVEntity" oid="660245BB-7D7A-C1B8-D3E1-D3A9B3E550DD" otype="Entity" vid="2D8A3829-877D-CEB3-38EB-8977EF26FE7B">
<hideElementsInCurrentOnly>false</hideElementsInCurrentOnly>
<bounds x="20" y="532" width="248" height="238"/>
</OView>
<OView class="oracle.dbtools.crest.swingui.logical.TVEntity" oid="B355F154-87A2-CA4E-F03C-F5ACCC163D71" otype="Entity" vid="527A6B41-BCF9-D91F-1C60-5A38A085A26D">
<hideElementsInCurrentOnly>false</hideElementsInCurrentOnly>
<bounds x="21" y="830" width="194" height="70"/>
</OView>
<OView class="oracle.dbtools.crest.swingui.logical.TVEntity" oid="C204D94B-A1EB-66FC-ACD0-7A21392223B1" otype="Entity" vid="48C5F67C-ECC0-36A5-84E3-B18139477E06">
<hideElementsInCurrentOnly>false</hideElementsInCurrentOnly>
<bounds x="657" y="532" width="214" height="290"/>
</OView>
<OView class="oracle.dbtools.crest.swingui.logical.TVEntity" oid="D4154E9F-59F7-237A-9379-86C55A7DD214" otype="Entity" vid="87114690-1A0F-DDFB-475C-9A06AC59CAFA">
<hideElementsInCurrentOnly>false</hideElementsInCurrentOnly>
<bounds x="348" y="532" width="177" height="70"/>
</OView>
<OView class="oracle.dbtools.crest.swingui.logical.TVEntity" oid="D50E81C6-92A2-FA45-0ED2-576DBD6F21C3" otype="Entity" vid="71581F37-D836-4C40-52EE-724A302B573A">
<hideElementsInCurrentOnly>false</hideElementsInCurrentOnly>
<bounds x="350" y="260" width="220" height="96"/>
</OView>
<OView class="oracle.dbtools.crest.swingui.logical.TVEntity" oid="DF1383B8-6601-6DD2-9DA2-7EB1CE0E9340" otype="Entity" vid="7ED5BD70-1015-96C2-40F7-764B0FAE60C0">
<hideElementsInCurrentOnly>false</hideElementsInCurrentOnly>
<bounds x="20" y="260" width="250" height="212"/>
</OView>
<OView class="oracle.dbtools.crest.swingui.logical.TVEntity" oid="E24AFF0F-D697-304C-6644-AE164F29241A" otype="Entity" vid="F90D6FC4-0629-AA1E-8B90-9E7A1816C5D6">
<hideElementsInCurrentOnly>false</hideElementsInCurrentOnly>
<bounds x="658" y="882" width="225" height="199"/>
</OView>
<OView class="oracle.dbtools.crest.swingui.logical.TVEntity" oid="FFC31B82-18F6-59C5-B635-A53388A78B1F" otype="Entity" vid="031D9FED-9B9F-4BB7-D46D-A693C8179C3C">
<hideElementsInCurrentOnly>false</hideElementsInCurrentOnly>
<bounds x="358" y="1056" width="218" height="154"/>
</OView>
</objectViews>
<connectors>
<Connector class="oracle.dbtools.crest.swingui.logical.TVRelation" oid="4219B9C8-06F3-DB9B-F774-EC693E9699BC" otype="Relation" vid_source="71581F37-D836-4C40-52EE-724A302B573A" vid_target="7ED5BD70-1015-96C2-40F7-764B0FAE60C0">
<hideElementsInCurrentOnly>false</hideElementsInCurrentOnly>
<backgroundColor>-16777216</backgroundColor>
<lineWidth>1</lineWidth>
<points>
<point x="350" y="308"/>
<point x="270" y="308"/>
</points>
</Connector>
<Connector class="oracle.dbtools.crest.swingui.logical.TVRelation" oid="4385A932-79ED-D06D-0702-CEFA550E8930" otype="Relation" vid_source="C5D09D3B-3CC4-CDCF-B0CD-20535E0CEDD1" vid_target="F90D6FC4-0629-AA1E-8B90-9E7A1816C5D6">
<hideElementsInCurrentOnly>false</hideElementsInCurrentOnly>
<backgroundColor>-16777216</backgroundColor>
<lineWidth>1</lineWidth>
<points>
<point x="757" y="1141"/>
<point x="757" y="1081"/>
</points>
</Connector>
<Connector class="oracle.dbtools.crest.swingui.logical.TVRelation" oid="4ED37AB3-1A0D-0952-707E-AEC4110D6EC6" otype="Relation" vid_source="4E699C87-E6D0-1377-2B4E-E06F7D5F17B7" vid_target="2D8A3829-877D-CEB3-38EB-8977EF26FE7B">
<hideElementsInCurrentOnly>false</hideElementsInCurrentOnly>
<backgroundColor>-16777216</backgroundColor>
<lineWidth>1</lineWidth>
<points>
<point x="422" y="830"/>
<point x="268" y="730"/>
</points>
</Connector>
<Connector class="oracle.dbtools.crest.swingui.logical.TVRelation" oid="6A15370A-12EE-7F87-58EC-2CBAB16FAA73" otype="Relation" vid_source="7518B921-9F58-B962-4E8D-ACAA2013CEAF" vid_target="C5D09D3B-3CC4-CDCF-B0CD-20535E0CEDD1">
<hideElementsInCurrentOnly>false</hideElementsInCurrentOnly>
<backgroundColor>-16777216</backgroundColor>
<lineWidth>1</lineWidth>
<points>
<point x="754" y="1303"/>
<point x="754" y="1243"/>
</points>
</Connector>
<Connector class="oracle.dbtools.crest.swingui.logical.TVRelation" oid="78023185-A4B5-378A-C349-7859D11A7DB8" otype="Relation" vid_source="F90D6FC4-0629-AA1E-8B90-9E7A1816C5D6" vid_target="48C5F67C-ECC0-36A5-84E3-B18139477E06">
<hideElementsInCurrentOnly>false</hideElementsInCurrentOnly>
<backgroundColor>-16777216</backgroundColor>
<lineWidth>1</lineWidth>
<points>
<point x="764" y="882"/>
<point x="764" y="822"/>
</points>
</Connector>
<Connector class="oracle.dbtools.crest.swingui.logical.TVRelation" oid="838A4BF7-FFEE-90BF-04C6-34BAF299DCC1" otype="Relation" vid_source="2D8A3829-877D-CEB3-38EB-8977EF26FE7B" vid_target="48C5F67C-ECC0-36A5-84E3-B18139477E06">
<hideElementsInCurrentOnly>false</hideElementsInCurrentOnly>
<backgroundColor>-16777216</backgroundColor>
<lineWidth>1</lineWidth>
<points>
<point x="268" y="666"/>
<point x="657" y="666"/>
</points>
</Connector>
<Connector class="oracle.dbtools.crest.swingui.logical.TVRelation" oid="B84A2536-AFAA-D5E8-2609-6982519F87E4" otype="Relation" vid_source="527A6B41-BCF9-D91F-1C60-5A38A085A26D" vid_target="2D8A3829-877D-CEB3-38EB-8977EF26FE7B">
<hideElementsInCurrentOnly>false</hideElementsInCurrentOnly>
<backgroundColor>-16777216</backgroundColor>
<lineWidth>1</lineWidth>
<points>
<point x="118" y="830"/>
<point x="118" y="770"/>
</points>
</Connector>
<Connector class="oracle.dbtools.crest.swingui.logical.TVRelation" oid="D10BAF82-DAB3-41FF-B75E-F5493D7C6334" otype="Relation" vid_source="48C5F67C-ECC0-36A5-84E3-B18139477E06" vid_target="031D9FED-9B9F-4BB7-D46D-A693C8179C3C">
<hideElementsInCurrentOnly>false</hideElementsInCurrentOnly>
<backgroundColor>-16777216</backgroundColor>
<lineWidth>1</lineWidth>
<points>
<point x="669" y="822"/>
<point x="502" y="1056"/>
</points>
</Connector>
<Connector class="oracle.dbtools.crest.swingui.logical.TVRelation" oid="D2F729F3-5FC7-336F-CFD8-24320C06758D" otype="Relation" vid_source="89880AE1-258D-3F0A-5A5F-B9686E4951CC" vid_target="2D8A3829-877D-CEB3-38EB-8977EF26FE7B">
<hideElementsInCurrentOnly>false</hideElementsInCurrentOnly>
<backgroundColor>-16777216</backgroundColor>
<lineWidth>1</lineWidth>
<points>
<point x="348" y="627"/>
<point x="268" y="627"/>
</points>
</Connector>
<Connector class="oracle.dbtools.crest.swingui.logical.TVRelation" oid="D300B517-EB53-92AF-E1FA-B2CC74590A30" otype="Relation" vid_source="2D8A3829-877D-CEB3-38EB-8977EF26FE7B" vid_target="7ED5BD70-1015-96C2-40F7-764B0FAE60C0">
<hideElementsInCurrentOnly>false</hideElementsInCurrentOnly>
<backgroundColor>-16777216</backgroundColor>
<lineWidth>1</lineWidth>
<points>
<point x="144" y="532"/>
<point x="144" y="472"/>
</points>
</Connector>
<Connector class="oracle.dbtools.crest.swingui.logical.TVRelation" oid="D83742EB-19EF-E9C4-3423-59F043C4D00C" otype="Relation" vid_source="48C5F67C-ECC0-36A5-84E3-B18139477E06" vid_target="7ED5BD70-1015-96C2-40F7-764B0FAE60C0">
<hideElementsInCurrentOnly>false</hideElementsInCurrentOnly>
<backgroundColor>-16777216</backgroundColor>
<lineWidth>1</lineWidth>
<points>
<point x="657" y="623"/>
<point x="270" y="428"/>
</points>
</Connector>
<Connector class="oracle.dbtools.crest.swingui.logical.TVRelation" oid="E310316A-0B0A-C718-D02E-A59418038E26" otype="Relation" vid_source="527A6B41-BCF9-D91F-1C60-5A38A085A26D" vid_target="48C5F67C-ECC0-36A5-84E3-B18139477E06">
<hideElementsInCurrentOnly>false</hideElementsInCurrentOnly>
<backgroundColor>-16777216</backgroundColor>
<lineWidth>1</lineWidth>
<points>
<point x="215" y="836"/>
<point x="657" y="708"/>
</points>
</Connector>
<Connector class="oracle.dbtools.crest.swingui.logical.TVRelation" oid="E46EFD49-9283-4B70-9C79-3EF5FA8CDCF6" otype="Relation" vid_source="87114690-1A0F-DDFB-475C-9A06AC59CAFA" vid_target="2D8A3829-877D-CEB3-38EB-8977EF26FE7B">
<hideElementsInCurrentOnly>false</hideElementsInCurrentOnly>
<backgroundColor>-16777216</backgroundColor>
<lineWidth>1</lineWidth>
<points>
<point x="348" y="582"/>
<point x="268" y="582"/>
</points>
</Connector>
<Connector class="oracle.dbtools.crest.swingui.logical.TVRelation" oid="EAB0A58E-A3D2-2D9C-B91C-74270D1720B3" otype="Relation" vid_source="2D8A3829-877D-CEB3-38EB-8977EF26FE7B" vid_target="2D8A3829-877D-CEB3-38EB-8977EF26FE7B">
<hideElementsInCurrentOnly>false</hideElementsInCurrentOnly>
<backgroundColor>-16777216</backgroundColor>
<lineWidth>1</lineWidth>
<points>
<point x="268" y="672"/>
<point x="318" y="672"/>
<point x="318" y="820"/>
<point x="165" y="820"/>
<point x="165" y="770"/>
</points>
</Connector>
<Connector class="oracle.dbtools.crest.swingui.logical.TVRelation" oid="FD3201E5-587F-0966-E654-713F1CBC94CF" otype="Relation" vid_source="7ED5BD70-1015-96C2-40F7-764B0FAE60C0" vid_target="AF373FFD-350E-716A-F9A2-0B6A4F388339">
<hideElementsInCurrentOnly>false</hideElementsInCurrentOnly>
<backgroundColor>-16777216</backgroundColor>
<lineWidth>1</lineWidth>
<points>
<point x="131" y="260"/>
<point x="131" y="200"/>
</points>
</Connector>
</connectors>
</Diagram>