<?xml version = '1.0' encoding = 'UTF-8'?>
<TableProxyOraclev12c class="oracle.dbtools.crest.model.design.storage.oracle.v12c.TableProxyOraclev12c" name="PAGO" directorySegmentName="seg_0" id="43459750-CA59-87E9-7DBA-5AB5CB04D3A1">
<createdBy>benjaminclaros</createdBy>
<createdTime>2025-09-14 03:49:24 UTC</createdTime>
<ownerDesignName>Exp_5</ownerDesignName>
<logging>YES</logging>
<partitionedRowMovement>DISABLE</partitionedRowMovement>
<temporaryChanged>false</temporaryChanged>
<accessDriverType>oracle_loader</accessDriverType>
<rejectLimit></rejectLimit>
<columnProxies itemClass="oracle.dbtools.crest.model.design.storage.oracle.v12c.ColumnProxyOraclev12c">
<ColumnProxy name="id_pago" id="30D2E399-0642-9E14-348F-BDE47E067D28">
<createdBy>benjaminclaros</createdBy>
<createdTime>2025-09-14 03:49:24 UTC</createdTime>
<ownerDesignName>Exp_5</ownerDesignName>
<autoIncrementDDL>IDENTITY_CLAUSE</autoIncrementDDL>
</ColumnProxy>
<ColumnProxy name="id_atencion" id="73C1F0A5-557B-EE0B-971A-6560B9B23293">
<createdBy>benjaminclaros</createdBy>
<createdTime>2025-09-14 03:49:24 UTC</createdTime>
<ownerDesignName>Exp_5</ownerDesignName>
</ColumnProxy>
<ColumnProxy name="fecha_pago" id="82C875CB-C84F-D597-0E47-87022CCB9A69">
<createdBy>benjaminclaros</createdBy>
<createdTime>2025-09-14 03:49:24 UTC</createdTime>
<ownerDesignName>Exp_5</ownerDesignName>
<defaultValue>SYSTIMESTAMP</defaultValue>
</ColumnProxy>
<ColumnProxy name="referencia_pago" id="836DB583-44B0-FF14-1737-6B35E9464AFB">
<createdBy>benjaminclaros</createdBy>
<createdTime>2025-09-14 03:49:24 UTC</createdTime>
<ownerDesignName>Exp_5</ownerDesignName>
</ColumnProxy>
<ColumnProxy name="monto" id="918D6045-E33E-6C64-4FB4-21BEAF76BD48">
<createdBy>benjaminclaros</createdBy>
<createdTime>2025-09-14 03:49:24 UTC</createdTime>
<ownerDesignName>Exp_5</ownerDesignName>
</ColumnProxy>
<ColumnProxy name="tipo_pago" id="FD23ADFF-94D0-DCB1-9F85-F408DDE045B7">
<createdBy>benjaminclaros</createdBy>
<createdTime>2025-09-14 03:49:24 UTC</createdTime>
<ownerDesignName>Exp_5</ownerDesignName>
</ColumnProxy>
</columnProxies>
<foreignKeys>
<ForeignKey class="oracle.dbtools.crest.model.design.storage.oracle.v10g.FKProxyOraclev10g" name="fk_pago_atencion" id="C5B7A05A-E2A8-503B-1BE1-AD122B697820">
<createdBy>benjaminclaros</createdBy>
<createdTime>2025-09-14 03:49:24 UTC</createdTime>
<ownerDesignName>Exp_5</ownerDesignName>
</ForeignKey>
</foreignKeys>
<primaryKeys>
<PrimaryKey class="oracle.dbtools.crest.model.design.storage.oracle.v10g.PKProxyOraclev10g" name="pk_pago" id="D799D8AB-3919-0C8B-5D04-265D779EBB6F">
<createdBy>benjaminclaros</createdBy>
<createdTime>2025-09-14 03:49:24 UTC</createdTime>
<ownerDesignName>Exp_5</ownerDesignName>
<indexSort>SORTED</indexSort>
</PrimaryKey>
</primaryKeys>
<tableCheckConstraints itemClass="oracle.dbtools.crest.model.design.storage.oracle.TableCheckConstraintOracle">
<TableCheckConstraint name="chk_tipo_pago" id="3A151123-5CDE-0E0C-9153-AF41A17ABE0C">
<createdBy>benjaminclaros</createdBy>
<createdTime>2025-09-14 03:49:24 UTC</createdTime>
<ownerDesignName>Exp_5</ownerDesignName>
<nameChanged>true</nameChanged>
</TableCheckConstraint>
</tableCheckConstraints>
<uniqueKeys>
<UniqueKey class="oracle.dbtools.crest.model.design.storage.oracle.v10g.UniqueOraclev10g" name="uq_pago_atencion" id="D2FFBD85-D102-F86B-9ECB-9FC669FA4BA1">
<createdBy>benjaminclaros</createdBy>
<createdTime>2025-09-14 03:49:24 UTC</createdTime>
<ownerDesignName>Exp_5</ownerDesignName>
<indexSort>SORTED</indexSort>
</UniqueKey>
</uniqueKeys>
</TableProxyOraclev12c>