<?xml version = '1.0' encoding = 'UTF-8'?>
<TableProxyOraclev12c class="oracle.dbtools.crest.model.design.storage.oracle.v12c.TableProxyOraclev12c" name="AFP" directorySegmentName="seg_0" id="B2853080-C57B-D914-B7F0-CF72C7337F5C">
<createdBy>benjaminclaros</createdBy>
<createdTime>2025-09-14 03:49:24 UTC</createdTime>
<ownerDesignName>Exp_5</ownerDesignName>
<logging>YES</logging>
<partitionedRowMovement>DISABLE</partitionedRowMovement>
<temporaryChanged>false</temporaryChanged>
<accessDriverType>oracle_loader</accessDriverType>
<rejectLimit></rejectLimit>
<columnProxies itemClass="oracle.dbtools.crest.model.design.storage.oracle.v12c.ColumnProxyOraclev12c">
<ColumnProxy name="cod_afp" id="A42BB1C4-0C43-270B-7AC0-23F80A01BEBC">
<createdBy>benjaminclaros</createdBy>
<createdTime>2025-09-14 03:49:24 UTC</createdTime>
<ownerDesignName>Exp_5</ownerDesignName>
</ColumnProxy>
<ColumnProxy name="nombre" id="FDF0DFA0-48E5-6C5E-4A46-04D489109ED7">
<createdBy>benjaminclaros</createdBy>
<createdTime>2025-09-14 03:49:24 UTC</createdTime>
<ownerDesignName>Exp_5</ownerDesignName>
</ColumnProxy>
</columnProxies>
<primaryKeys>
<PrimaryKey class="oracle.dbtools.crest.model.design.storage.oracle.v10g.PKProxyOraclev10g" name="pk_afp" id="1C4D5FAD-D1C6-4678-B0D6-813BF8C7F159">
<createdBy>benjaminclaros</createdBy>
<createdTime>2025-09-14 03:49:24 UTC</createdTime>
<ownerDesignName>Exp_5</ownerDesignName>
<indexSort>SORTED</indexSort>
</PrimaryKey>
</primaryKeys>
</TableProxyOraclev12c>