<?xml version = '1.0' encoding = 'UTF-8'?>
<FKIndexAssociation class="oracle.dbtools.crest.model.design.relational.FKIndexAssociation" directorySegmentName="seg_0" id="099E62E8-872D-7FD0-5423-FEB32723F033" containerWithKeyObject="C8022E65-B0F9-6E7F-4B05-9F0DFD0951C0" localFKIndex="D75B7D34-A1A2-60D2-31BC-8D9CFA86421C" name="fk_medico_unidad">
<sourceDDLFile>centro_medico_san_rafael.sql</sourceDDLFile>
<createdBy>benjaminclaros</createdBy>
<createdTime>2025-09-14 03:49:24 UTC</createdTime>
<ownerDesignName>Exp_5</ownerDesignName>
<importedID>C27E644B-0A53-0B70-E935-A6397903D596</importedID>
<referredTableLongName>UNIDAD</referredTableLongName>
<deleteRule>NO ACTION</deleteRule>
<referredTableID>28684BBF-393E-44C6-C349-7922B6946498</referredTableID>
<keyObject>4C50E42F-FA72-098F-9A59-60F5A6006216</keyObject>
<referredKeyID>4C50E42F-FA72-098F-9A59-60F5A6006216</referredKeyID>
<mandatory>true</mandatory>
<refColNames>cod_unidad</refColNames>
<transferable>true</transferable>
<rely>false</rely>
<columnDependencyConstraintGenerateInDDL>true</columnDependencyConstraintGenerateInDDL>
</FKIndexAssociation>