<?xml version = '1.0' encoding = 'UTF-8'?>
<FKIndexAssociation class="oracle.dbtools.crest.model.design.relational.FKIndexAssociation" directorySegmentName="seg_0" id="0D6454EE-E707-4212-BDCB-30180FF4D1CC" containerWithKeyObject="C8022E65-B0F9-6E7F-4B05-9F0DFD0951C0" localFKIndex="9C851A44-9F73-C5B6-5997-C9A727992F96" name="fk_medico_supervisor">
<sourceDDLFile>centro_medico_san_rafael.sql</sourceDDLFile>
<createdBy>benjaminclaros</createdBy>
<createdTime>2025-09-14 03:49:24 UTC</createdTime>
<ownerDesignName>Exp_5</ownerDesignName>
<importedID>5699D936-17EB-F8EF-1A00-84FBDF290837</importedID>
<referredTableLongName>MEDICO</referredTableLongName>
<deleteRule>SET NULL</deleteRule>
<referredTableID>C8022E65-B0F9-6E7F-4B05-9F0DFD0951C0</referredTableID>
<keyObject>EBD3A3AE-10AB-338D-DA17-8CC781C2F6BE</keyObject>
<referredKeyID>EBD3A3AE-10AB-338D-DA17-8CC781C2F6BE</referredKeyID>
<mandatory>false</mandatory>
<refColNames>rut_medico</refColNames>
<transferable>true</transferable>
<rely>false</rely>
<columnDependencyConstraintGenerateInDDL>true</columnDependencyConstraintGenerateInDDL>
</FKIndexAssociation>