<?xml version = '1.0' encoding = 'UTF-8'?>
<FKIndexAssociation class="oracle.dbtools.crest.model.design.relational.FKIndexAssociation" directorySegmentName="seg_0" id="1AFC5330-26AD-D29E-ED9A-83442EBC1E59" containerWithKeyObject="1D10023D-99A9-EAA0-6B48-B46AB776DC13" localFKIndex="A4FAE8B0-9EB4-545F-20AD-E60919C85F38" name="fk_comuna_region">
<sourceDDLFile>centro_medico_san_rafael.sql</sourceDDLFile>
<createdBy>benjaminclaros</createdBy>
<createdTime>2025-09-14 03:49:24 UTC</createdTime>
<ownerDesignName>Exp_5</ownerDesignName>
<importedID>897FB4FA-67E8-B86A-5BF9-C3867C2045DE</importedID>
<referredTableLongName>REGION</referredTableLongName>
<deleteRule>NO ACTION</deleteRule>
<referredTableID>A442FEF1-968D-8F5D-4D7A-E35EEAFF2F46</referredTableID>
<keyObject>FE7A7C32-3527-D7C1-D65D-CBF7A79CD21E</keyObject>
<referredKeyID>FE7A7C32-3527-D7C1-D65D-CBF7A79CD21E</referredKeyID>
<mandatory>true</mandatory>
<refColNames>cod_region</refColNames>
<transferable>true</transferable>
<rely>false</rely>
<columnDependencyConstraintGenerateInDDL>true</columnDependencyConstraintGenerateInDDL>
</FKIndexAssociation>