<?xml version = '1.0' encoding = 'UTF-8'?>
<FKIndexAssociation class="oracle.dbtools.crest.model.design.relational.FKIndexAssociation" directorySegmentName="seg_0" id="320164D6-2558-ED2D-2138-48A7FB80D0CE" containerWithKeyObject="43459750-CA59-87E9-7DBA-5AB5CB04D3A1" localFKIndex="C5B7A05A-E2A8-503B-1BE1-AD122B697820" name="fk_pago_atencion">
<sourceDDLFile>centro_medico_san_rafael.sql</sourceDDLFile>
<createdBy>benjaminclaros</createdBy>
<createdTime>2025-09-14 03:49:24 UTC</createdTime>
<ownerDesignName>Exp_5</ownerDesignName>
<importedID>FFE99231-96F0-417F-3416-B5F55C58AB4A</importedID>
<referredTableLongName>ATENCION</referredTableLongName>
<deleteRule>CASCADE</deleteRule>
<referredTableID>3D0A74CB-1CC3-4C08-D85F-ED0BB3AC3E97</referredTableID>
<keyObject>9C71C48E-F86E-3783-CD61-93ED9F62971A</keyObject>
<referredKeyID>9C71C48E-F86E-3783-CD61-93ED9F62971A</referredKeyID>
<mandatory>true</mandatory>
<refColNames>id_atencion</refColNames>
<transferable>true</transferable>
<rely>false</rely>
<columnDependencyConstraintGenerateInDDL>true</columnDependencyConstraintGenerateInDDL>
</FKIndexAssociation>