<?xml version = '1.0' encoding = 'UTF-8'?>
<FKIndexAssociation class="oracle.dbtools.crest.model.design.relational.FKIndexAssociation" directorySegmentName="seg_0" id="4BFAE27F-779F-7933-FE98-A22514E5B005" containerWithKeyObject="8D2F3248-7EBE-3C84-9FAC-EADC29647930" localFKIndex="0797A0B5-EC44-F6FB-DB0B-586070668494" name="fk_solicitud_examen">
<sourceDDLFile>centro_medico_san_rafael.sql</sourceDDLFile>
<createdBy>benjaminclaros</createdBy>
<createdTime>2025-09-14 03:49:24 UTC</createdTime>
<ownerDesignName>Exp_5</ownerDesignName>
<importedID>CE311C91-E3FE-DB30-BEF5-E90BE21D7F86</importedID>
<referredTableLongName>EXAMEN_CATALOGO</referredTableLongName>
<deleteRule>NO ACTION</deleteRule>
<referredTableID>4D873452-336D-6A89-85F3-A84F1872B3E9</referredTableID>
<keyObject>14875EA1-22D3-41ED-52DF-8EE7BF448646</keyObject>
<referredKeyID>14875EA1-22D3-41ED-52DF-8EE7BF448646</referredKeyID>
<mandatory>true</mandatory>
<refColNames>cod_examen</refColNames>
<transferable>true</transferable>
<rely>false</rely>
<columnDependencyConstraintGenerateInDDL>true</columnDependencyConstraintGenerateInDDL>
</FKIndexAssociation>