<?xml version = '1.0' encoding = 'UTF-8'?>
<FKIndexAssociation class="oracle.dbtools.crest.model.design.relational.FKIndexAssociation" directorySegmentName="seg_0" id="5049CB73-8C56-3752-C441-F3471AE126BE" containerWithKeyObject="3D0A74CB-1CC3-4C08-D85F-ED0BB3AC3E97" localFKIndex="C13BEC53-3A94-15F4-BC6B-C49A37EFA06A" name="fk_atencion_medico">
<sourceDDLFile>centro_medico_san_rafael.sql</sourceDDLFile>
<createdBy>benjaminclaros</createdBy>
<createdTime>2025-09-14 03:49:24 UTC</createdTime>
<ownerDesignName>Exp_5</ownerDesignName>
<importedID>ACA8FA64-C461-7A06-D8ED-9F0AC97C3D9E</importedID>
<referredTableLongName>MEDICO</referredTableLongName>
<deleteRule>NO ACTION</deleteRule>
<referredTableID>C8022E65-B0F9-6E7F-4B05-9F0DFD0951C0</referredTableID>
<keyObject>EBD3A3AE-10AB-338D-DA17-8CC781C2F6BE</keyObject>
<referredKeyID>EBD3A3AE-10AB-338D-DA17-8CC781C2F6BE</referredKeyID>
<mandatory>true</mandatory>
<refColNames>rut_medico</refColNames>
<transferable>true</transferable>
<rely>false</rely>
<columnDependencyConstraintGenerateInDDL>true</columnDependencyConstraintGenerateInDDL>
</FKIndexAssociation>