<?xml version = '1.0' encoding = 'UTF-8'?>
<FKIndexAssociation class="oracle.dbtools.crest.model.design.relational.FKIndexAssociation" directorySegmentName="seg_0" id="7FA26FC7-4DEA-745B-A39D-F82BB1202E58" containerWithKeyObject="C8022E65-B0F9-6E7F-4B05-9F0DFD0951C0" localFKIndex="D80A20D5-B952-99F2-6D0E-9A3FE35DF222" name="fk_medico_afp">
<sourceDDLFile>centro_medico_san_rafael.sql</sourceDDLFile>
<createdBy>benjaminclaros</createdBy>
<createdTime>2025-09-14 03:49:24 UTC</createdTime>
<ownerDesignName>Exp_5</ownerDesignName>
<importedID>18C2C215-9DE6-E9DC-8ACF-A6BC2F3A803E</importedID>
<referredTableLongName>AFP</referredTableLongName>
<deleteRule>SET NULL</deleteRule>
<referredTableID>B2853080-C57B-D914-B7F0-CF72C7337F5C</referredTableID>
<keyObject>1C4D5FAD-D1C6-4678-B0D6-813BF8C7F159</keyObject>
<referredKeyID>1C4D5FAD-D1C6-4678-B0D6-813BF8C7F159</referredKeyID>
<mandatory>false</mandatory>
<refColNames>cod_afp</refColNames>
<transferable>true</transferable>
<rely>false</rely>
<columnDependencyConstraintGenerateInDDL>true</columnDependencyConstraintGenerateInDDL>
</FKIndexAssociation>