<?xml version = '1.0' encoding = 'UTF-8'?>
<FKIndexAssociation class="oracle.dbtools.crest.model.design.relational.FKIndexAssociation" directorySegmentName="seg_0" id="84B74F6B-C3ED-200B-ADCB-301BC72E989F" containerWithKeyObject="C8022E65-B0F9-6E7F-4B05-9F0DFD0951C0" localFKIndex="19DFBDB8-C5FE-0711-9996-9DB05C0FF133" name="fk_medico_especialidad">
<sourceDDLFile>centro_medico_san_rafael.sql</sourceDDLFile>
<createdBy>benjaminclaros</createdBy>
<createdTime>2025-09-14 03:49:24 UTC</createdTime>
<ownerDesignName>Exp_5</ownerDesignName>
<importedID>5803A3AE-B016-F7E3-72B9-BC573BDDC446</importedID>
<referredTableLongName>ESPECIALIDAD</referredTableLongName>
<deleteRule>NO ACTION</deleteRule>
<referredTableID>C157D7FB-485D-5758-3B40-2751A875DFC1</referredTableID>
<keyObject>8FB524F0-8540-3432-A5AA-30E81D5C6CE6</keyObject>
<referredKeyID>8FB524F0-8540-3432-A5AA-30E81D5C6CE6</referredKeyID>
<mandatory>true</mandatory>
<refColNames>cod_especialidad</refColNames>
<transferable>true</transferable>
<rely>false</rely>
<columnDependencyConstraintGenerateInDDL>true</columnDependencyConstraintGenerateInDDL>
</FKIndexAssociation>