<?xml version = '1.0' encoding = 'UTF-8'?>
<FKIndexAssociation class="oracle.dbtools.crest.model.design.relational.FKIndexAssociation" directorySegmentName="seg_0" id="A10894D1-99E4-7220-E2E2-E8A425BC41DE" containerWithKeyObject="C8022E65-B0F9-6E7F-4B05-9F0DFD0951C0" localFKIndex="095C402E-810F-1E91-5DA1-1A23401061A4" name="fk_medico_inst">
<sourceDDLFile>centro_medico_san_rafael.sql</sourceDDLFile>
<createdBy>benjaminclaros</createdBy>
<createdTime>2025-09-14 03:49:24 UTC</createdTime>
<ownerDesignName>Exp_5</ownerDesignName>
<importedID>8DB4E9E7-B955-6493-32C0-352D80F496DA</importedID>
<referredTableLongName>INSTITUCION_SALUD</referredTableLongName>
<deleteRule>SET NULL</deleteRule>
<referredTableID>1FF1FD2C-72CA-CF14-B3AB-E10ABEA9E961</referredTableID>
<keyObject>5D6536CC-99ED-9FB1-D1AC-76DD9EFEF612</keyObject>
<referredKeyID>5D6536CC-99ED-9FB1-D1AC-76DD9EFEF612</referredKeyID>
<mandatory>false</mandatory>
<refColNames>cod_inst</refColNames>
<transferable>true</transferable>
<rely>false</rely>
<columnDependencyConstraintGenerateInDDL>true</columnDependencyConstraintGenerateInDDL>
</FKIndexAssociation>