<?xml version = '1.0' encoding = 'UTF-8'?>
<FKIndexAssociation class="oracle.dbtools.crest.model.design.relational.FKIndexAssociation" directorySegmentName="seg_0" id="A9D59AEB-AEA4-0AFF-EF2F-FC79326DB4DA" containerWithKeyObject="8D2F3248-7EBE-3C84-9FAC-EADC29647930" localFKIndex="154B2A00-C016-86E6-0031-F7479A30B0A9" name="fk_solicitud_atencion">
<sourceDDLFile>centro_medico_san_rafael.sql</sourceDDLFile>
<createdBy>benjaminclaros</createdBy>
<createdTime>2025-09-14 03:49:24 UTC</createdTime>
<ownerDesignName>Exp_5</ownerDesignName>
<importedID>487B68D6-4E1E-3F96-D160-A16ECCACEB4B</importedID>
<referredTableLongName>ATENCION</referredTableLongName>
<deleteRule>CASCADE</deleteRule>
<referredTableID>3D0A74CB-1CC3-4C08-D85F-ED0BB3AC3E97</referredTableID>
<keyObject>9C71C48E-F86E-3783-CD61-93ED9F62971A</keyObject>
<referredKeyID>9C71C48E-F86E-3783-CD61-93ED9F62971A</referredKeyID>
<mandatory>true</mandatory>
<refColNames>id_atencion</refColNames>
<transferable>true</transferable>
<rely>false</rely>
<columnDependencyConstraintGenerateInDDL>true</columnDependencyConstraintGenerateInDDL>
</FKIndexAssociation>