<?xml version = '1.0' encoding = 'UTF-8'?>
<FKIndexAssociation class="oracle.dbtools.crest.model.design.relational.FKIndexAssociation" directorySegmentName="seg_0" id="AEC1B396-5BCE-8898-2EF4-8D082F3DF23B" containerWithKeyObject="66225075-57C4-49BF-5F21-10D7C0F3F121" localFKIndex="2DBF716B-BD15-35CE-B505-E54DCADBD768" name="fk_resultado_solicitud">
<sourceDDLFile>centro_medico_san_rafael.sql</sourceDDLFile>
<createdBy>benjaminclaros</createdBy>
<createdTime>2025-09-14 03:49:24 UTC</createdTime>
<ownerDesignName>Exp_5</ownerDesignName>
<importedID>FFFA9C4C-5A71-9218-6B11-36B58806CC03</importedID>
<referredTableLongName>SOLICITUD_EXAMEN</referredTableLongName>
<deleteRule>CASCADE</deleteRule>
<referredTableID>8D2F3248-7EBE-3C84-9FAC-EADC29647930</referredTableID>
<keyObject>7C12C927-4B00-B54B-2B7B-6B4683D359EA</keyObject>
<referredKeyID>7C12C927-4B00-B54B-2B7B-6B4683D359EA</referredKeyID>
<mandatory>true</mandatory>
<refColNames>id_solicitud</refColNames>
<transferable>true</transferable>
<rely>false</rely>
<columnDependencyConstraintGenerateInDDL>true</columnDependencyConstraintGenerateInDDL>
</FKIndexAssociation>