<?xml version = '1.0' encoding = 'UTF-8'?>
<FKIndexAssociation class="oracle.dbtools.crest.model.design.relational.FKIndexAssociation" directorySegmentName="seg_0" id="B484DD26-6B00-E4B2-BA72-536C15E6BB00" containerWithKeyObject="8D2F3248-7EBE-3C84-9FAC-EADC29647930" localFKIndex="CC0ED43B-22BF-AE7D-A04D-7CFD386A29F5" name="fk_solicitud_medico">
<sourceDDLFile>centro_medico_san_rafael.sql</sourceDDLFile>
<createdBy>benjaminclaros</createdBy>
<createdTime>2025-09-14 03:49:24 UTC</createdTime>
<ownerDesignName>Exp_5</ownerDesignName>
<importedID>47FF0090-7D00-2793-4AFF-99A4D372525C</importedID>
<referredTableLongName>MEDICO</referredTableLongName>
<deleteRule>NO ACTION</deleteRule>
<referredTableID>C8022E65-B0F9-6E7F-4B05-9F0DFD0951C0</referredTableID>
<keyObject>EBD3A3AE-10AB-338D-DA17-8CC781C2F6BE</keyObject>
<referredKeyID>EBD3A3AE-10AB-338D-DA17-8CC781C2F6BE</referredKeyID>
<mandatory>true</mandatory>
<refColNames>rut_medico</refColNames>
<transferable>true</transferable>
<rely>false</rely>
<columnDependencyConstraintGenerateInDDL>true</columnDependencyConstraintGenerateInDDL>
</FKIndexAssociation>