<?xml version = '1.0' encoding = 'UTF-8'?>
<FKIndexAssociation class="oracle.dbtools.crest.model.design.relational.FKIndexAssociation" directorySegmentName="seg_0" id="E6CC4C59-AD72-C3B9-18D3-DB779312E56E" containerWithKeyObject="3D0A74CB-1CC3-4C08-D85F-ED0BB3AC3E97" localFKIndex="01F72F60-4696-A2FD-A384-45569C0AE13F" name="fk_atencion_unidad">
<sourceDDLFile>centro_medico_san_rafael.sql</sourceDDLFile>
<createdBy>benjaminclaros</createdBy>
<createdTime>2025-09-14 03:49:24 UTC</createdTime>
<ownerDesignName>Exp_5</ownerDesignName>
<importedID>5DA239D6-886C-A6A7-169C-37B6DBA4CBAE</importedID>
<referredTableLongName>UNIDAD</referredTableLongName>
<deleteRule>NO ACTION</deleteRule>
<referredTableID>28684BBF-393E-44C6-C349-7922B6946498</referredTableID>
<keyObject>4C50E42F-FA72-098F-9A59-60F5A6006216</keyObject>
<referredKeyID>4C50E42F-FA72-098F-9A59-60F5A6006216</referredKeyID>
<mandatory>true</mandatory>
<refColNames>cod_unidad</refColNames>
<transferable>true</transferable>
<rely>false</rely>
<columnDependencyConstraintGenerateInDDL>true</columnDependencyConstraintGenerateInDDL>
</FKIndexAssociation>