<?xml version = '1.0' encoding = 'UTF-8'?>
<FKIndexAssociation class="oracle.dbtools.crest.model.design.relational.FKIndexAssociation" directorySegmentName="seg_0" id="E741D3D9-AD1A-446B-4A6B-3FB8635C0A1B" containerWithKeyObject="3D0A74CB-1CC3-4C08-D85F-ED0BB3AC3E97" localFKIndex="AE750034-D7FA-1AC7-A2FD-EA5E792E1C98" name="fk_atencion_paciente">
<sourceDDLFile>centro_medico_san_rafael.sql</sourceDDLFile>
<createdBy>benjaminclaros</createdBy>
<createdTime>2025-09-14 03:49:24 UTC</createdTime>
<ownerDesignName>Exp_5</ownerDesignName>
<importedID>FE159894-9C0E-FFEF-4670-F3576BD5F585</importedID>
<referredTableLongName>PACIENTE</referredTableLongName>
<deleteRule>NO ACTION</deleteRule>
<referredTableID>2F42204B-8514-0D4E-5B5C-2F9B657BCEB4</referredTableID>
<keyObject>14532B33-60BF-26DB-81F5-BC4DB193C735</keyObject>
<referredKeyID>14532B33-60BF-26DB-81F5-BC4DB193C735</referredKeyID>
<mandatory>true</mandatory>
<refColNames>rut_paciente</refColNames>
<transferable>true</transferable>
<rely>false</rely>
<columnDependencyConstraintGenerateInDDL>true</columnDependencyConstraintGenerateInDDL>
</FKIndexAssociation>