<?xml version = '1.0' encoding = 'UTF-8'?>
<FKIndexAssociation class="oracle.dbtools.crest.model.design.relational.FKIndexAssociation" directorySegmentName="seg_0" id="E8C3BA37-9FB3-728D-4EAF-94FE8DC2807E" containerWithKeyObject="2F42204B-8514-0D4E-5B5C-2F9B657BCEB4" localFKIndex="C1CAB8D1-6C9F-0614-8C88-70F02F69C3CC" name="fk_paciente_comuna">
<sourceDDLFile>centro_medico_san_rafael.sql</sourceDDLFile>
<createdBy>benjaminclaros</createdBy>
<createdTime>2025-09-14 03:49:24 UTC</createdTime>
<ownerDesignName>Exp_5</ownerDesignName>
<importedID>54560B3B-840C-5856-4209-534ADB7FBB33</importedID>
<referredTableLongName>COMUNA</referredTableLongName>
<deleteRule>NO ACTION</deleteRule>
<referredTableID>1D10023D-99A9-EAA0-6B48-B46AB776DC13</referredTableID>
<keyObject>94747AAC-8C9A-DDDF-6745-23CEC45A6B52</keyObject>
<referredKeyID>94747AAC-8C9A-DDDF-6745-23CEC45A6B52</referredKeyID>
<mandatory>true</mandatory>
<refColNames>cod_comuna</refColNames>
<transferable>true</transferable>
<rely>false</rely>
<columnDependencyConstraintGenerateInDDL>true</columnDependencyConstraintGenerateInDDL>
</FKIndexAssociation>